request,username,fullname,gender,email,start_time,end_time,country,continent,broadcast,age,sport,duration155,duration
GET /pool/search.php 200,robertrodriguez,Robert Rodriguez,Male,robert.rodriguez@gmail.com,11/08/2023 11:00,11/08/2023 23:00,South Africa,Africa,repeat,65,pool,00/01/1900 12:00,12
GET /rugby/match3.jpg 304,janekane,Jane Kane,Female,jane.kane@gmail.com,17/01/2020 20:00,18/01/2020 01:00,Brazil,South America,highlights,20,rugby,00/01/1900 05:00,5
GET /pool/match1.html 200,robertkane,Robert Kane,Female,robert.kane@gmail.com,18/03/2020 04:00,18/03/2020 12:00,UK,Europe,repeat,25,pool,00/01/1900 08:00,8
GET /tennis/match3.jpg 304,nathankeith,Nathan Keith,Female,nathan.keith@gmail.com,06/11/2020 02:00,06/11/2020 09:00,China,Asia,highlights,51,tennis,00/01/1900 07:00,7
GET /pool/match1.html 200,olivermartinez,Oliver Martinez,Male,oliver.martinez@gmail.com,05/06/2020 06:00,05/06/2020 10:00,South Africa,Africa,live,30,pool,00/01/1900 04:00,4
GET /rugby/match1.html 200,nathankeith,Nathan Keith,Male,nathan.keith@gmail.com,14/11/2021 10:00,14/11/2021 13:00,Mexico,North America,repeat,61,rugby,00/01/1900 03:00,3
GET /rugby/match2.html 200,emmagarcia,Emma Garcia,Male,emma.garcia@gmail.com,31/07/2023 22:00,01/08/2023 05:00,Brazil,South America,repeat,47,rugby,00/01/1900 07:00,7
GET /football/match2.html 200,sophiabrookes,Sophia Brookes,Male,sophia.brookes@gmail.com,20/02/2021 20:00,21/02/2021 10:00,Botswana,Africa,live,49,football,00/01/1900 14:00,14
GET /pool/match3.jpg 304,oliversmith,Oliver Smith,Male,oliver.smith@gmail.com,23/03/2021 18:00,23/03/2021 22:00,Brazil,South America,live,73,pool,00/01/1900 04:00,4
GET /football/match3.jpg 304,mikejohnson,Mike Johnson,Female,mike.johnson@gmail.com,29/08/2023 18:00,29/08/2023 21:00,Brazil,South America,highlights,46,football,00/01/1900 03:00,3
GET /pool/search.php 200,robertbrookes,Robert Brookes,Male,robert.brookes@gmail.com,02/08/2020 01:00,02/08/2020 09:00,South Africa,Africa,live,67,pool,00/01/1900 08:00,8
GET /pool/match2.html 200,robertmiller,Robert Miller,Male,robert.miller@gmail.com,14/03/2023 16:00,15/03/2023 05:00,USA,North America,repeat,42,pool,00/01/1900 13:00,13
GET /rugby/schedule.html 200,janemartinez,Jane Martinez,Male,jane.martinez@gmail.com,13/08/2021 19:00,14/08/2021 01:00,China,Asia,highlights,52,rugby,00/01/1900 06:00,6
GET /football/search.php 200,janerose,Jane Rose,Female,jane.rose@gmail.com,12/11/2020 01:00,12/11/2020 14:00,Brazil,South America,live,28,football,00/01/1900 13:00,13
GET /tennis/match2.html 200,waynesmith,Wayne Smith,Male,wayne.smith@gmail.com,21/12/2021 16:00,21/12/2021 22:00,Brazil,South America,live,42,tennis,00/01/1900 06:00,6
GET /tennis/search.php 200,emmapalmer,Emma Palmer,Female,emma.palmer@gmail.com,22/01/2022 21:00,23/01/2022 01:00,Mexico,North America,highlights,20,tennis,00/01/1900 04:00,4
GET /rugby/match1.html 200,nathanbrookes,Nathan Brookes,Female,nathan.brookes@gmail.com,24/10/2023 17:00,25/10/2023 03:00,China,Asia,live,30,rugby,00/01/1900 10:00,10
GET /pool/match1.html 200,janemartinez,Jane Martinez,Female,jane.martinez@gmail.com,02/02/2020 15:00,02/02/2020 23:00,UK,Europe,live,19,pool,00/01/1900 08:00,8
GET /pool/search.php 200,emmapalmer,Emma Palmer,Male,emma.palmer@gmail.com,26/08/2020 15:00,26/08/2020 22:00,Zimbabwe,Africa,highlights,18,pool,00/01/1900 07:00,7
GET /rugby/match3.jpg 304,emmakane,Emma Kane,Female,emma.kane@gmail.com,08/09/2020 13:00,09/09/2020 01:00,France,Europe,highlights,19,rugby,00/01/1900 12:00,12
GET /football/schedule.html 200,emmakeith,Emma Keith,Male,emma.keith@gmail.com,18/03/2024 21:00,19/03/2024 02:00,Canada,North America,highlights,32,football,00/01/1900 05:00,5
GET /football/schedule.html 200,silverdavis,Silver Davis,Female,silver.davis@gmail.com,24/03/2023 00:00,24/03/2023 04:00,France,Europe,highlights,31,football,00/01/1900 04:00,4
GET /tennis/search.php 200,prettyrose,Pretty Rose,Male,pretty.rose@gmail.com,26/01/2020 13:00,26/01/2020 19:00,Brazil,South America,highlights,21,tennis,00/01/1900 06:00,6
GET /pool/match1.html 200,emmakeith,Emma Keith,Female,emma.keith@gmail.com,14/01/2023 00:00,14/01/2023 13:00,Canada,North America,live,20,pool,00/01/1900 13:00,13
GET /rugby/match1.html 200,jamesmiller,James Miller,Female,james.miller@gmail.com,02/11/2023 23:00,03/11/2023 02:00,UK,Europe,highlights,43,rugby,00/01/1900 03:00,3
GET /tennis/match2.html 200,williampalmer,William Palmer,Male,william.palmer@gmail.com,04/01/2024 07:00,04/01/2024 18:00,Spain,Europe,live,71,tennis,00/01/1900 11:00,11
GET /rugby/match2.html 200,nathankane,Nathan Kane,Female,nathan.kane@gmail.com,30/10/2023 15:00,31/10/2023 04:00,USA,North America,highlights,80,rugby,00/01/1900 13:00,13
GET /rugby/schedule.html 200,isabellarodriguez,Isabella Rodriguez,Male,isabella.rodriguez@gmail.com,14/08/2022 15:00,14/08/2022 21:00,South Africa,Africa,repeat,70,rugby,00/01/1900 06:00,6
GET /searchsports.php 200,silvermiller,Silver Miller,Male,silver.miller@gmail.com,02/03/2020 03:00,02/03/2020 13:00,Canada,North America,highlights,38,searchsports.php 200,00/01/1900 10:00,10
GET /football/schedule.html 200,sophiasmith,Sophia Smith,Male,sophia.smith@gmail.com,17/06/2023 14:00,18/06/2023 00:00,Spain,Europe,live,55,football,00/01/1900 10:00,10
GET /football/match1.html 200,mildredwilliams,Mildred Williams,Male,mildred.williams@gmail.com,18/02/2021 09:00,18/02/2021 23:00,UK,Europe,live,59,football,00/01/1900 14:00,14
GET /football/match1.html 200,silverpalmer,Silver Palmer,Male,silver.palmer@gmail.com,28/01/2020 19:00,29/01/2020 05:00,France,Europe,live,42,football,00/01/1900 10:00,10
GET /rugby/match3.jpg 304,mikeanorld,Mike Anorld,Male,mike.anorld@gmail.com,03/03/2022 12:00,04/03/2022 01:00,Zimbabwe,Africa,highlights,74,rugby,00/01/1900 13:00,13
GET /rugby/match3.jpg 304,miarose,Mia Rose,Female,mia.rose@gmail.com,03/09/2022 15:00,03/09/2022 22:00,Botswana,Africa,live,22,rugby,00/01/1900 07:00,7
GET /tennis/match1.html 200,oliverdavis,Oliver Davis,Female,oliver.davis@gmail.com,03/01/2021 07:00,03/01/2021 13:00,Germany,Europe,repeat,58,tennis,00/01/1900 06:00,6
GET /tennis/search.php 200,emmawilliams,Emma Williams,Female,emma.williams@gmail.com,11/02/2021 10:00,11/02/2021 13:00,Canada,North America,highlights,74,tennis,00/01/1900 03:00,3
GET /football/match2.html 200,isabellamiller,Isabella Miller,Female,isabella.miller@gmail.com,06/05/2023 17:00,07/05/2023 00:00,Brazil,South America,live,41,football,00/01/1900 07:00,7
GET /tennis/match1.html 200,silverjohnson,Silver Johnson,Male,silver.johnson@gmail.com,02/09/2020 21:00,03/09/2020 07:00,Canada,North America,live,55,tennis,00/01/1900 10:00,10
GET /football/match1.html 200,miaanorld,Mia Anorld,Female,mia.anorld@gmail.com,17/10/2021 16:00,17/10/2021 20:00,France,Europe,live,38,football,00/01/1900 04:00,4
GET /tennis/schedule.html 200,emmamartinez,Emma Martinez,Male,emma.martinez@gmail.com,14/02/2021 16:00,15/02/2021 04:00,Italy,Europe,highlights,61,tennis,00/01/1900 12:00,12
GET /pool/match1.html 200,isabellarose,Isabella Rose,Female,isabella.rose@gmail.com,04/06/2023 23:00,05/06/2023 05:00,UK,Europe,live,61,pool,00/01/1900 06:00,6
GET /football/match2.html 200,johnmiller,John Miller,Female,john.miller@gmail.com,19/11/2022 18:00,20/11/2022 07:00,Italy,Europe,repeat,25,football,00/01/1900 13:00,13
GET /football/search.php 200,sophiagarcia,Sophia Garcia,Male,sophia.garcia@gmail.com,14/11/2023 13:00,14/11/2023 21:00,France,Europe,highlights,40,football,00/01/1900 08:00,8
GET /tennis/schedule.html 200,sophiamiller,Sophia Miller,Female,sophia.miller@gmail.com,02/08/2023 13:00,02/08/2023 17:00,Botswana,Africa,highlights,39,tennis,00/01/1900 04:00,4
GET /tennis/schedule.html 200,johndavis,John Davis,Male,john.davis@gmail.com,29/05/2021 00:00,29/05/2021 12:00,China,Asia,repeat,45,tennis,00/01/1900 12:00,12
GET /pool/match2.html 200,mikejones,Mike Jones,Male,mike.jones@gmail.com,19/05/2020 02:00,19/05/2020 13:00,Germany,Europe,highlights,55,pool,00/01/1900 11:00,11
GET /rugby/search.php 200,emmadavis,Emma Davis,Male,emma.davis@gmail.com,15/07/2021 03:00,15/07/2021 14:00,Spain,Europe,repeat,20,rugby,00/01/1900 11:00,11
GET /tennis/match1.html 200,miagarcia,Mia Garcia,Female,mia.garcia@gmail.com,24/06/2021 17:00,25/06/2021 07:00,UK,Europe,highlights,22,tennis,00/01/1900 14:00,14
GET /pool/match1.html 200,mikejones,Mike Jones,Female,mike.jones@gmail.com,28/10/2022 06:00,28/10/2022 13:00,Brazil,South America,highlights,41,pool,00/01/1900 07:00,7
GET /rugby/match3.jpg 304,mikerose,Mike Rose,Female,mike.rose@gmail.com,07/11/2020 12:00,07/11/2020 22:00,Mexico,North America,highlights,25,rugby,00/01/1900 10:00,10
GET /pool/match2.html 200,waynekane,Wayne Kane,Male,wayne.kane@gmail.com,01/04/2020 16:00,01/04/2020 19:00,Botswana,Africa,live,19,pool,00/01/1900 03:00,3
GET /rugby/match1.html 200,jamesdavis,James Davis,Male,james.davis@gmail.com,27/08/2020 18:00,28/08/2020 08:00,South Africa,Africa,highlights,34,rugby,00/01/1900 14:00,14
GET /tennis/schedule.html 200,jamesanorld,James Anorld,Female,james.anorld@gmail.com,17/05/2021 03:00,17/05/2021 08:00,Brazil,South America,repeat,61,tennis,00/01/1900 05:00,5
GET /rugby/match1.html 200,prettydavis,Pretty Davis,Male,pretty.davis@gmail.com,03/06/2022 20:00,04/06/2022 01:00,UK,Europe,live,40,rugby,00/01/1900 05:00,5
GET /pool/match2.html 200,waynemiller,Wayne Miller,Male,wayne.miller@gmail.com,07/10/2023 02:00,07/10/2023 09:00,Italy,Europe,repeat,40,pool,00/01/1900 07:00,7
GET /tennis/match1.html 200,robertsmith,Robert Smith,Male,robert.smith@gmail.com,20/07/2020 15:00,21/07/2020 03:00,South Africa,Africa,repeat,44,tennis,00/01/1900 12:00,12
GET /tennis/match2.html 200,miamartinez,Mia Martinez,Male,mia.martinez@gmail.com,19/05/2022 11:00,19/05/2022 18:00,USA,North America,live,75,tennis,00/01/1900 07:00,7
GET /football/schedule.html 200,jameswilliams,James Williams,Female,james.williams@gmail.com,18/01/2020 02:00,18/01/2020 05:00,France,Europe,live,64,football,00/01/1900 03:00,3
GET /rugby/schedule.html 200,sophiasmith,Sophia Smith,Male,sophia.smith@gmail.com,01/09/2022 18:00,01/09/2022 23:00,Brazil,South America,highlights,34,rugby,00/01/1900 05:00,5
GET /football/match1.html 200,emmamiller,Emma Miller,Male,emma.miller@gmail.com,29/11/2023 21:00,30/11/2023 07:00,Spain,Europe,repeat,30,football,00/01/1900 10:00,10
GET /rugby/schedule.html 200,isabellagarcia,Isabella Garcia,Male,isabella.garcia@gmail.com,21/08/2020 08:00,21/08/2020 17:00,Botswana,Africa,highlights,50,rugby,00/01/1900 09:00,9
GET /tennis/match3.jpg 304,williamgarcia,William Garcia,Male,william.garcia@gmail.com,19/11/2021 16:00,20/11/2021 06:00,China,Asia,highlights,21,tennis,00/01/1900 14:00,14
GET /rugby/match2.html 200,johnbrookes,John Brookes,Female,john.brookes@gmail.com,29/07/2022 18:00,30/07/2022 04:00,Spain,Europe,live,56,rugby,00/01/1900 10:00,10
GET /tennis/match2.html 200,janemartinez,Jane Martinez,Female,jane.martinez@gmail.com,19/05/2022 16:00,20/05/2022 02:00,Zimbabwe,Africa,repeat,23,tennis,00/01/1900 10:00,10
GET /searchsports.php 200,prettygarcia,Pretty Garcia,Male,pretty.garcia@gmail.com,23/02/2021 09:00,23/02/2021 23:00,UK,Europe,live,72,searchsports.php 200,00/01/1900 14:00,14
GET /football/match1.html 200,miawilliams,Mia Williams,Female,mia.williams@gmail.com,19/03/2024 03:00,19/03/2024 15:00,Spain,Europe,highlights,77,football,00/01/1900 12:00,12
GET /pool/match1.html 200,robertjohnson,Robert Johnson,Female,robert.johnson@gmail.com,14/01/2022 10:00,14/01/2022 14:00,Zimbabwe,Africa,highlights,74,pool,00/01/1900 04:00,4
GET /football/search.php 200,oliverjones,Oliver Jones,Female,oliver.jones@gmail.com,16/08/2023 20:00,17/08/2023 07:00,Zimbabwe,Africa,highlights,52,football,00/01/1900 11:00,11
GET /pool/match2.html 200,isabellajohnson,Isabella Johnson,Male,isabella.johnson@gmail.com,29/09/2023 11:00,30/09/2023 01:00,UK,Europe,highlights,54,pool,00/01/1900 14:00,14
GET /football/search.php 200,mildreddavis,Mildred Davis,Female,mildred.davis@gmail.com,15/01/2021 03:00,15/01/2021 16:00,China,Asia,highlights,72,football,00/01/1900 13:00,13
GET /football/schedule.html 200,miarose,Mia Rose,Female,mia.rose@gmail.com,16/01/2020 19:00,17/01/2020 04:00,UK,Europe,repeat,78,football,00/01/1900 09:00,9
GET /rugby/match2.html 200,prettysmith,Pretty Smith,Female,pretty.smith@gmail.com,19/09/2021 23:00,20/09/2021 03:00,Zimbabwe,Africa,highlights,77,rugby,00/01/1900 04:00,4
GET /tennis/search.php 200,oliversmith,Oliver Smith,Female,oliver.smith@gmail.com,02/07/2022 12:00,02/07/2022 23:00,Botswana,Africa,live,19,tennis,00/01/1900 11:00,11
GET /rugby/match2.html 200,mikejohnson,Mike Johnson,Male,mike.johnson@gmail.com,29/08/2023 05:00,29/08/2023 09:00,Spain,Europe,live,38,rugby,00/01/1900 04:00,4
GET /football/match3.jpg 304,miabrookes,Mia Brookes,Female,mia.brookes@gmail.com,12/09/2021 00:00,12/09/2021 11:00,UK,Europe,highlights,46,football,00/01/1900 11:00,11
GET /pool/search.php 200,waynerodriguez,Wayne Rodriguez,Male,wayne.rodriguez@gmail.com,25/02/2023 01:00,25/02/2023 11:00,Zimbabwe,Africa,live,66,pool,00/01/1900 10:00,10
GET /tennis/match1.html 200,janedavis,Jane Davis,Female,jane.davis@gmail.com,02/02/2021 16:00,02/02/2021 21:00,UK,Europe,live,62,tennis,00/01/1900 05:00,5
GET /football/match3.jpg 304,janebrookes,Jane Brookes,Male,jane.brookes@gmail.com,28/01/2021 16:00,29/01/2021 05:00,Spain,Europe,repeat,36,football,00/01/1900 13:00,13
GET /football/match2.html 200,janekane,Jane Kane,Female,jane.kane@gmail.com,11/07/2021 00:00,11/07/2021 07:00,Canada,North America,repeat,69,football,00/01/1900 07:00,7
GET /pool/match2.html 200,waynerose,Wayne Rose,Female,wayne.rose@gmail.com,01/09/2020 13:00,02/09/2020 01:00,Canada,North America,highlights,32,pool,00/01/1900 12:00,12
GET /searchsports.php 200,janemiller,Jane Miller,Female,jane.miller@gmail.com,03/11/2021 16:00,03/11/2021 20:00,Mexico,North America,highlights,61,searchsports.php 200,00/01/1900 04:00,4
GET /pool/search.php 200,silversmith,Silver Smith,Male,silver.smith@gmail.com,04/03/2024 01:00,04/03/2024 11:00,France,Europe,repeat,70,pool,00/01/1900 10:00,10
GET /rugby/schedule.html 200,isabellaanorld,Isabella Anorld,Female,isabella.anorld@gmail.com,26/02/2023 10:00,26/02/2023 13:00,South Africa,Africa,highlights,37,rugby,00/01/1900 03:00,3
GET /rugby/search.php 200,johnwilliams,John Williams,Male,john.williams@gmail.com,12/02/2022 11:00,12/02/2022 18:00,France,Europe,highlights,38,rugby,00/01/1900 07:00,7
GET /tennis/match1.html 200,prettyrose,Pretty Rose,Male,pretty.rose@gmail.com,12/06/2021 08:00,12/06/2021 16:00,Spain,Europe,highlights,58,tennis,00/01/1900 08:00,8
GET /rugby/search.php 200,nathankeith,Nathan Keith,Male,nathan.keith@gmail.com,08/04/2020 04:00,08/04/2020 13:00,Mexico,North America,highlights,37,rugby,00/01/1900 09:00,9
GET /pool/match3.jpg 304,isabellarose,Isabella Rose,Male,isabella.rose@gmail.com,11/08/2023 18:00,12/08/2023 02:00,Botswana,Africa,repeat,34,pool,00/01/1900 08:00,8
GET /rugby/match2.html 200,waynepalmer,Wayne Palmer,Female,wayne.palmer@gmail.com,07/02/2021 08:00,07/02/2021 14:00,France,Europe,live,61,rugby,00/01/1900 06:00,6
GET /pool/match2.html 200,silverpalmer,Silver Palmer,Male,silver.palmer@gmail.com,14/05/2021 01:00,14/05/2021 06:00,Italy,Europe,highlights,45,pool,00/01/1900 05:00,5
GET /rugby/match1.html 200,robertkane,Robert Kane,Female,robert.kane@gmail.com,07/07/2021 01:00,07/07/2021 15:00,France,Europe,highlights,69,rugby,00/01/1900 14:00,14
GET /football/schedule.html 200,mildredbrown,Mildred Brown,Female,mildred.brown@gmail.com,26/01/2024 21:00,27/01/2024 04:00,Italy,Europe,live,44,football,00/01/1900 07:00,7
GET /pool/match1.html 200,williamjones,William Jones,Male,william.jones@gmail.com,13/09/2022 18:00,14/09/2022 08:00,USA,North America,repeat,20,pool,00/01/1900 14:00,14
GET /football/match2.html 200,isabellawilliams,Isabella Williams,Male,isabella.williams@gmail.com,26/01/2022 07:00,26/01/2022 13:00,Brazil,South America,live,76,football,00/01/1900 06:00,6
GET /searchsports.php 200,emmamiller,Emma Miller,Male,emma.miller@gmail.com,25/04/2022 01:00,25/04/2022 07:00,France,Europe,live,74,searchsports.php 200,00/01/1900 06:00,6
GET /rugby/match2.html 200,janewilliams,Jane Williams,Male,jane.williams@gmail.com,21/03/2022 17:00,22/03/2022 06:00,UK,Europe,highlights,73,rugby,00/01/1900 13:00,13
GET /tennis/match3.jpg 304,janeanorld,Jane Anorld,Female,jane.anorld@gmail.com,15/08/2023 20:00,16/08/2023 06:00,Germany,Europe,highlights,50,tennis,00/01/1900 10:00,10
GET /rugby/match3.jpg 304,isabellabrown,Isabella Brown,Male,isabella.brown@gmail.com,05/04/2022 14:00,05/04/2022 23:00,France,Europe,live,60,rugby,00/01/1900 09:00,9
GET /football/match3.jpg 304,prettyrose,Pretty Rose,Male,pretty.rose@gmail.com,10/10/2020 08:00,10/10/2020 19:00,Italy,Europe,repeat,64,football,00/01/1900 11:00,11
GET /pool/match2.html 200,mikekeith,Mike Keith,Male,mike.keith@gmail.com,03/02/2020 23:00,04/02/2020 08:00,Italy,Europe,live,63,pool,00/01/1900 09:00,9
GET /pool/search.php 200,sophiarodriguez,Sophia Rodriguez,Male,sophia.rodriguez@gmail.com,11/07/2023 06:00,11/07/2023 14:00,USA,North America,repeat,44,pool,00/01/1900 08:00,8
GET /rugby/match1.html 200,johnrodriguez,John Rodriguez,Male,john.rodriguez@gmail.com,23/01/2022 06:00,23/01/2022 10:00,Brazil,South America,repeat,76,rugby,00/01/1900 04:00,4
GET /football/search.php 200,williamwilliams,William Williams,Female,william.williams@gmail.com,01/10/2023 16:00,02/10/2023 04:00,Germany,Europe,repeat,74,football,00/01/1900 12:00,12
GET /football/match3.jpg 304,nathanrose,Nathan Rose,Male,nathan.rose@gmail.com,01/06/2023 18:00,02/06/2023 08:00,Italy,Europe,repeat,71,football,00/01/1900 14:00,14
GET /rugby/match2.html 200,williammartinez,William Martinez,Male,william.martinez@gmail.com,27/12/2023 02:00,27/12/2023 14:00,China,Asia,live,41,rugby,00/01/1900 12:00,12
GET /rugby/search.php 200,williambrown,William Brown,Male,william.brown@gmail.com,03/03/2021 12:00,04/03/2021 02:00,France,Europe,highlights,37,rugby,00/01/1900 14:00,14
GET /football/match1.html 200,nathankeith,Nathan Keith,Female,nathan.keith@gmail.com,18/05/2021 23:00,19/05/2021 05:00,UK,Europe,live,46,football,00/01/1900 06:00,6
GET /tennis/search.php 200,mikepalmer,Mike Palmer,Male,mike.palmer@gmail.com,16/09/2023 21:00,17/09/2023 11:00,USA,North America,highlights,53,tennis,00/01/1900 14:00,14
GET /football/schedule.html 200,prettymiller,Pretty Miller,Female,pretty.miller@gmail.com,29/08/2022 02:00,29/08/2022 10:00,Spain,Europe,live,61,football,00/01/1900 08:00,8
GET /pool/match2.html 200,emmasmith,Emma Smith,Female,emma.smith@gmail.com,10/04/2020 10:00,10/04/2020 22:00,UK,Europe,highlights,50,pool,00/01/1900 12:00,12
GET /football/match2.html 200,williamgarcia,William Garcia,Female,william.garcia@gmail.com,12/06/2023 15:00,12/06/2023 22:00,China,Asia,repeat,69,football,00/01/1900 07:00,7
GET /pool/search.php 200,johnsmith,John Smith,Female,john.smith@gmail.com,02/03/2020 23:00,03/03/2020 13:00,Spain,Europe,repeat,28,pool,00/01/1900 14:00,14
GET /football/schedule.html 200,jamesmiller,James Miller,Female,james.miller@gmail.com,23/07/2020 15:00,24/07/2020 02:00,Canada,North America,live,48,football,00/01/1900 11:00,11
GET /rugby/search.php 200,mildredrose,Mildred Rose,Male,mildred.rose@gmail.com,26/02/2024 13:00,26/02/2024 23:00,Spain,Europe,repeat,30,rugby,00/01/1900 10:00,10
GET /searchsports.php 200,robertrodriguez,Robert Rodriguez,Male,robert.rodriguez@gmail.com,15/01/2021 15:00,16/01/2021 05:00,Spain,Europe,repeat,19,searchsports.php 200,00/01/1900 14:00,14
GET /searchsports.php 200,williampalmer,William Palmer,Female,william.palmer@gmail.com,03/11/2023 15:00,04/11/2023 03:00,Zimbabwe,Africa,live,53,searchsports.php 200,00/01/1900 12:00,12
GET /pool/match2.html 200,waynekeith,Wayne Keith,Female,wayne.keith@gmail.com,08/04/2021 06:00,08/04/2021 19:00,Botswana,Africa,highlights,46,pool,00/01/1900 13:00,13
GET /rugby/match2.html 200,emmadavis,Emma Davis,Male,emma.davis@gmail.com,25/05/2023 08:00,25/05/2023 21:00,Brazil,South America,live,26,rugby,00/01/1900 13:00,13
GET /rugby/match1.html 200,olivermartinez,Oliver Martinez,Female,oliver.martinez@gmail.com,10/12/2023 13:00,11/12/2023 00:00,China,Asia,live,34,rugby,00/01/1900 11:00,11
GET /football/match2.html 200,emmabrookes,Emma Brookes,Female,emma.brookes@gmail.com,05/05/2023 23:00,06/05/2023 12:00,Brazil,South America,live,54,football,00/01/1900 13:00,13
GET /pool/match3.jpg 304,sophiarose,Sophia Rose,Female,sophia.rose@gmail.com,20/05/2020 08:00,20/05/2020 19:00,Germany,Europe,repeat,77,pool,00/01/1900 11:00,11
GET /rugby/match2.html 200,miapalmer,Mia Palmer,Male,mia.palmer@gmail.com,29/01/2021 22:00,30/01/2021 01:00,USA,North America,live,65,rugby,00/01/1900 03:00,3
GET /tennis/match2.html 200,miakane,Mia Kane,Female,mia.kane@gmail.com,17/12/2021 15:00,18/12/2021 04:00,France,Europe,highlights,42,tennis,00/01/1900 13:00,13
GET /pool/match1.html 200,sophiakane,Sophia Kane,Female,sophia.kane@gmail.com,12/04/2021 08:00,12/04/2021 21:00,Zimbabwe,Africa,repeat,58,pool,00/01/1900 13:00,13
GET /pool/match3.jpg 304,prettymiller,Pretty Miller,Female,pretty.miller@gmail.com,22/12/2020 20:00,22/12/2020 23:00,Zimbabwe,Africa,live,43,pool,00/01/1900 03:00,3
GET /rugby/match1.html 200,isabellarodriguez,Isabella Rodriguez,Female,isabella.rodriguez@gmail.com,07/01/2024 15:00,08/01/2024 04:00,Brazil,South America,repeat,74,rugby,00/01/1900 13:00,13
GET /rugby/search.php 200,janekeith,Jane Keith,Male,jane.keith@gmail.com,20/12/2023 16:00,20/12/2023 23:00,Spain,Europe,highlights,70,rugby,00/01/1900 07:00,7
GET /searchsports.php 200,sophiarose,Sophia Rose,Male,sophia.rose@gmail.com,12/05/2021 10:00,12/05/2021 13:00,Canada,North America,repeat,54,searchsports.php 200,00/01/1900 03:00,3
GET /tennis/search.php 200,silverjohnson,Silver Johnson,Male,silver.johnson@gmail.com,11/06/2023 18:00,11/06/2023 22:00,USA,North America,highlights,38,tennis,00/01/1900 04:00,4
GET /searchsports.php 200,isabellajohnson,Isabella Johnson,Female,isabella.johnson@gmail.com,01/03/2024 21:00,02/03/2024 05:00,Spain,Europe,live,62,searchsports.php 200,00/01/1900 08:00,8
GET /pool/match3.jpg 304,prettybrookes,Pretty Brookes,Female,pretty.brookes@gmail.com,10/07/2021 01:00,10/07/2021 05:00,Zimbabwe,Africa,highlights,38,pool,00/01/1900 04:00,4
GET /pool/match1.html 200,janemartinez,Jane Martinez,Female,jane.martinez@gmail.com,04/02/2024 20:00,05/02/2024 09:00,Brazil,South America,live,36,pool,00/01/1900 13:00,13
GET /tennis/match2.html 200,janerose,Jane Rose,Female,jane.rose@gmail.com,05/03/2022 10:00,05/03/2022 20:00,China,Asia,highlights,69,tennis,00/01/1900 10:00,10
GET /tennis/match1.html 200,jamesmartinez,James Martinez,Male,james.martinez@gmail.com,24/03/2024 10:00,24/03/2024 22:00,Spain,Europe,live,54,tennis,00/01/1900 12:00,12
GET /rugby/search.php 200,silverkane,Silver Kane,Female,silver.kane@gmail.com,28/09/2021 05:00,28/09/2021 15:00,Canada,North America,repeat,54,rugby,00/01/1900 10:00,10
GET /rugby/search.php 200,jamesmiller,James Miller,Female,james.miller@gmail.com,25/10/2022 07:00,25/10/2022 16:00,Spain,Europe,repeat,80,rugby,00/01/1900 09:00,9
GET /pool/match1.html 200,robertrose,Robert Rose,Female,robert.rose@gmail.com,26/04/2023 23:00,27/04/2023 04:00,Canada,North America,repeat,36,pool,00/01/1900 05:00,5
GET /tennis/match3.jpg 304,wayneanorld,Wayne Anorld,Female,wayne.anorld@gmail.com,29/04/2021 08:00,29/04/2021 18:00,China,Asia,highlights,28,tennis,00/01/1900 10:00,10
GET /pool/match1.html 200,emmamartinez,Emma Martinez,Female,emma.martinez@gmail.com,12/06/2021 09:00,12/06/2021 12:00,Germany,Europe,repeat,47,pool,00/01/1900 03:00,3
GET /pool/match1.html 200,mikedavis,Mike Davis,Female,mike.davis@gmail.com,21/12/2020 08:00,21/12/2020 17:00,Spain,Europe,live,57,pool,00/01/1900 09:00,9
GET /searchsports.php 200,silverwilliams,Silver Williams,Female,silver.williams@gmail.com,21/06/2023 15:00,21/06/2023 23:00,Canada,North America,highlights,59,searchsports.php 200,00/01/1900 08:00,8
GET /rugby/schedule.html 200,sophiawilliams,Sophia Williams,Female,sophia.williams@gmail.com,11/10/2021 04:00,11/10/2021 09:00,Zimbabwe,Africa,repeat,26,rugby,00/01/1900 05:00,5
GET /tennis/match1.html 200,jamesmartinez,James Martinez,Male,james.martinez@gmail.com,11/08/2023 08:00,11/08/2023 21:00,Zimbabwe,Africa,live,33,tennis,00/01/1900 13:00,13
GET /rugby/match1.html 200,mildredkane,Mildred Kane,Male,mildred.kane@gmail.com,06/04/2022 22:00,07/04/2022 10:00,China,Asia,live,42,rugby,00/01/1900 12:00,12
GET /tennis/search.php 200,nathandavis,Nathan Davis,Male,nathan.davis@gmail.com,01/02/2024 22:00,02/02/2024 09:00,Spain,Europe,highlights,38,tennis,00/01/1900 11:00,11
GET /football/match3.jpg 304,robertgarcia,Robert Garcia,Female,robert.garcia@gmail.com,23/03/2022 00:00,23/03/2022 03:00,USA,North America,highlights,37,football,00/01/1900 03:00,3
GET /rugby/match1.html 200,oliverkeith,Oliver Keith,Male,oliver.keith@gmail.com,21/09/2023 21:00,22/09/2023 07:00,France,Europe,live,64,rugby,00/01/1900 10:00,10
GET /tennis/match1.html 200,olivermartinez,Oliver Martinez,Female,oliver.martinez@gmail.com,01/05/2022 21:00,02/05/2022 02:00,South Africa,Africa,live,30,tennis,00/01/1900 05:00,5
GET /football/match3.jpg 304,olivermiller,Oliver Miller,Female,oliver.miller@gmail.com,30/07/2022 20:00,31/07/2022 10:00,Spain,Europe,live,31,football,00/01/1900 14:00,14
GET /tennis/match1.html 200,jamesrodriguez,James Rodriguez,Male,james.rodriguez@gmail.com,06/05/2020 09:00,06/05/2020 23:00,China,Asia,highlights,58,tennis,00/01/1900 14:00,14
GET /tennis/search.php 200,janewilliams,Jane Williams,Male,jane.williams@gmail.com,29/12/2020 13:00,30/12/2020 02:00,Mexico,North America,live,56,tennis,00/01/1900 13:00,13
GET /rugby/match3.jpg 304,oliverbrown,Oliver Brown,Female,oliver.brown@gmail.com,06/01/2020 13:00,07/01/2020 03:00,Botswana,Africa,live,27,rugby,00/01/1900 14:00,14
GET /football/match1.html 200,wayneanorld,Wayne Anorld,Male,wayne.anorld@gmail.com,18/04/2020 03:00,18/04/2020 14:00,UK,Europe,highlights,34,football,00/01/1900 11:00,11
GET /tennis/schedule.html 200,robertsmith,Robert Smith,Male,robert.smith@gmail.com,11/09/2020 19:00,12/09/2020 04:00,South Africa,Africa,live,30,tennis,00/01/1900 09:00,9
GET /tennis/search.php 200,nathanrodriguez,Nathan Rodriguez,Male,nathan.rodriguez@gmail.com,24/11/2021 04:00,24/11/2021 16:00,Zimbabwe,Africa,live,33,tennis,00/01/1900 12:00,12
GET /rugby/match2.html 200,sophiagarcia,Sophia Garcia,Female,sophia.garcia@gmail.com,28/03/2022 19:00,29/03/2022 04:00,Brazil,South America,highlights,44,rugby,00/01/1900 09:00,9
GET /football/match2.html 200,waynemartinez,Wayne Martinez,Female,wayne.martinez@gmail.com,20/11/2022 08:00,20/11/2022 13:00,Brazil,South America,highlights,39,football,00/01/1900 05:00,5
GET /searchsports.php 200,johnmiller,John Miller,Male,john.miller@gmail.com,09/03/2022 03:00,09/03/2022 13:00,South Africa,Africa,live,38,searchsports.php 200,00/01/1900 10:00,10
GET /searchsports.php 200,mildredanorld,Mildred Anorld,Male,mildred.anorld@gmail.com,06/04/2020 22:00,07/04/2020 03:00,France,Europe,repeat,45,searchsports.php 200,00/01/1900 05:00,5
GET /searchsports.php 200,silverwilliams,Silver Williams,Female,silver.williams@gmail.com,13/01/2024 13:00,13/01/2024 21:00,China,Asia,live,35,searchsports.php 200,00/01/1900 08:00,8
GET /football/match3.jpg 304,jameskeith,James Keith,Female,james.keith@gmail.com,05/10/2023 19:00,06/10/2023 09:00,Germany,Europe,highlights,28,football,00/01/1900 14:00,14
GET /rugby/match2.html 200,williambrookes,William Brookes,Female,william.brookes@gmail.com,09/09/2021 11:00,09/09/2021 22:00,Germany,Europe,repeat,33,rugby,00/01/1900 11:00,11
GET /football/schedule.html 200,williampalmer,William Palmer,Male,william.palmer@gmail.com,09/02/2022 05:00,09/02/2022 17:00,South Africa,Africa,live,70,football,00/01/1900 12:00,12
GET /rugby/match2.html 200,janerodriguez,Jane Rodriguez,Female,jane.rodriguez@gmail.com,14/05/2022 02:00,14/05/2022 08:00,Brazil,South America,highlights,23,rugby,00/01/1900 06:00,6
GET /football/match3.jpg 304,williamjohnson,William Johnson,Male,william.johnson@gmail.com,13/01/2024 08:00,13/01/2024 16:00,Mexico,North America,repeat,28,football,00/01/1900 08:00,8
GET /rugby/search.php 200,mildredrose,Mildred Rose,Female,mildred.rose@gmail.com,10/05/2022 21:00,11/05/2022 00:00,USA,North America,repeat,35,rugby,00/01/1900 03:00,3
GET /pool/match2.html 200,waynejohnson,Wayne Johnson,Female,wayne.johnson@gmail.com,25/02/2021 04:00,25/02/2021 16:00,Zimbabwe,Africa,highlights,40,pool,00/01/1900 12:00,12
GET /tennis/match2.html 200,isabellarodriguez,Isabella Rodriguez,Female,isabella.rodriguez@gmail.com,11/05/2023 18:00,12/05/2023 06:00,France,Europe,repeat,52,tennis,00/01/1900 12:00,12
GET /tennis/search.php 200,nathanpalmer,Nathan Palmer,Male,nathan.palmer@gmail.com,04/09/2020 11:00,04/09/2020 21:00,South Africa,Africa,repeat,61,tennis,00/01/1900 10:00,10
GET /tennis/match2.html 200,silvergarcia,Silver Garcia,Male,silver.garcia@gmail.com,29/10/2023 06:00,29/10/2023 15:00,UK,Europe,live,33,tennis,00/01/1900 09:00,9
GET /rugby/match1.html 200,waynerodriguez,Wayne Rodriguez,Male,wayne.rodriguez@gmail.com,28/04/2020 02:00,28/04/2020 16:00,Italy,Europe,repeat,34,rugby,00/01/1900 14:00,14
GET /pool/match3.jpg 304,miabrookes,Mia Brookes,Female,mia.brookes@gmail.com,08/12/2021 18:00,09/12/2021 07:00,South Africa,Africa,repeat,52,pool,00/01/1900 13:00,13
GET /tennis/match1.html 200,mildredrose,Mildred Rose,Female,mildred.rose@gmail.com,12/01/2022 00:00,12/01/2022 03:00,Botswana,Africa,highlights,22,tennis,00/01/1900 03:00,3
GET /searchsports.php 200,mildredwilliams,Mildred Williams,Female,mildred.williams@gmail.com,26/12/2023 11:00,26/12/2023 20:00,Germany,Europe,highlights,32,searchsports.php 200,00/01/1900 09:00,9
GET /football/match1.html 200,sophiagarcia,Sophia Garcia,Female,sophia.garcia@gmail.com,16/11/2021 14:00,16/11/2021 19:00,Botswana,Africa,highlights,20,football,00/01/1900 05:00,5
GET /football/schedule.html 200,mildredmartinez,Mildred Martinez,Female,mildred.martinez@gmail.com,28/03/2023 03:00,28/03/2023 06:00,France,Europe,highlights,63,football,00/01/1900 03:00,3
GET /pool/match2.html 200,mikeanorld,Mike Anorld,Female,mike.anorld@gmail.com,08/09/2022 12:00,08/09/2022 18:00,Mexico,North America,repeat,24,pool,00/01/1900 06:00,6
GET /rugby/match2.html 200,silverbrookes,Silver Brookes,Female,silver.brookes@gmail.com,16/09/2021 02:00,16/09/2021 10:00,Spain,Europe,highlights,37,rugby,00/01/1900 08:00,8
GET /tennis/match2.html 200,jamesrose,James Rose,Female,james.rose@gmail.com,11/12/2023 11:00,11/12/2023 15:00,Mexico,North America,repeat,66,tennis,00/01/1900 04:00,4
GET /rugby/search.php 200,oliverkeith,Oliver Keith,Male,oliver.keith@gmail.com,21/01/2024 02:00,21/01/2024 10:00,USA,North America,live,74,rugby,00/01/1900 08:00,8
GET /football/match3.jpg 304,silvergarcia,Silver Garcia,Male,silver.garcia@gmail.com,08/01/2022 15:00,09/01/2022 05:00,Canada,North America,repeat,23,football,00/01/1900 14:00,14
GET /tennis/search.php 200,emmamiller,Emma Miller,Female,emma.miller@gmail.com,13/07/2023 23:00,14/07/2023 06:00,Canada,North America,highlights,42,tennis,00/01/1900 07:00,7
GET /football/search.php 200,oliverrodriguez,Oliver Rodriguez,Female,oliver.rodriguez@gmail.com,21/08/2022 20:00,22/08/2022 10:00,UK,Europe,highlights,77,football,00/01/1900 14:00,14
GET /tennis/match1.html 200,johnbrookes,John Brookes,Male,john.brookes@gmail.com,19/09/2022 03:00,19/09/2022 15:00,Botswana,Africa,repeat,64,tennis,00/01/1900 12:00,12
GET /rugby/search.php 200,janebrown,Jane Brown,Male,jane.brown@gmail.com,04/07/2023 21:00,05/07/2023 09:00,China,Asia,highlights,18,rugby,00/01/1900 12:00,12
GET /searchsports.php 200,robertmiller,Robert Miller,Female,robert.miller@gmail.com,29/09/2023 04:00,29/09/2023 10:00,Mexico,North America,live,30,searchsports.php 200,00/01/1900 06:00,6
GET /tennis/search.php 200,johnkane,John Kane,Male,john.kane@gmail.com,20/06/2022 04:00,20/06/2022 14:00,Botswana,Africa,repeat,46,tennis,00/01/1900 10:00,10
GET /pool/match1.html 200,robertdavis,Robert Davis,Female,robert.davis@gmail.com,23/06/2020 17:00,24/06/2020 00:00,South Africa,Africa,highlights,53,pool,00/01/1900 07:00,7
GET /rugby/schedule.html 200,emmapalmer,Emma Palmer,Female,emma.palmer@gmail.com,04/01/2023 10:00,05/01/2023 00:00,Spain,Europe,repeat,18,rugby,00/01/1900 14:00,14
GET /pool/match3.jpg 304,mildredbrookes,Mildred Brookes,Female,mildred.brookes@gmail.com,26/11/2023 08:00,26/11/2023 14:00,Brazil,South America,highlights,27,pool,00/01/1900 06:00,6
GET /rugby/match3.jpg 304,prettygarcia,Pretty Garcia,Male,pretty.garcia@gmail.com,25/05/2023 09:00,25/05/2023 23:00,UK,Europe,repeat,71,rugby,00/01/1900 14:00,14
GET /rugby/match2.html 200,miawilliams,Mia Williams,Male,mia.williams@gmail.com,14/07/2023 12:00,14/07/2023 20:00,Spain,Europe,repeat,73,rugby,00/01/1900 08:00,8
GET /football/match3.jpg 304,sophiarose,Sophia Rose,Male,sophia.rose@gmail.com,15/06/2021 15:00,16/06/2021 00:00,Mexico,North America,live,25,football,00/01/1900 09:00,9
GET /tennis/match2.html 200,isabellamartinez,Isabella Martinez,Male,isabella.martinez@gmail.com,02/09/2023 01:00,02/09/2023 14:00,Italy,Europe,repeat,33,tennis,00/01/1900 13:00,13
GET /tennis/match2.html 200,jamesjones,James Jones,Male,james.jones@gmail.com,12/06/2022 03:00,12/06/2022 11:00,USA,North America,repeat,43,tennis,00/01/1900 08:00,8
GET /tennis/match2.html 200,janepalmer,Jane Palmer,Male,jane.palmer@gmail.com,23/10/2022 15:00,24/10/2022 05:00,Germany,Europe,highlights,67,tennis,00/01/1900 14:00,14
GET /tennis/match3.jpg 304,jamessmith,James Smith,Male,james.smith@gmail.com,19/06/2021 18:00,19/06/2021 23:00,France,Europe,live,57,tennis,00/01/1900 05:00,5
GET /pool/search.php 200,miarodriguez,Mia Rodriguez,Female,mia.rodriguez@gmail.com,15/11/2020 02:00,15/11/2020 16:00,China,Asia,highlights,77,pool,00/01/1900 14:00,14
GET /tennis/match2.html 200,robertgarcia,Robert Garcia,Male,robert.garcia@gmail.com,19/03/2020 08:00,19/03/2020 18:00,Botswana,Africa,repeat,55,tennis,00/01/1900 10:00,10
GET /pool/match3.jpg 304,johnmiller,John Miller,Male,john.miller@gmail.com,20/06/2021 09:00,20/06/2021 21:00,China,Asia,live,36,pool,00/01/1900 12:00,12
GET /tennis/search.php 200,prettybrown,Pretty Brown,Female,pretty.brown@gmail.com,18/03/2022 10:00,18/03/2022 19:00,Canada,North America,repeat,48,tennis,00/01/1900 09:00,9
GET /searchsports.php 200,isabellabrookes,Isabella Brookes,Male,isabella.brookes@gmail.com,08/09/2023 11:00,08/09/2023 22:00,Canada,North America,repeat,26,searchsports.php 200,00/01/1900 11:00,11
GET /football/match3.jpg 304,williamrodriguez,William Rodriguez,Female,william.rodriguez@gmail.com,30/08/2021 08:00,30/08/2021 20:00,Botswana,Africa,live,51,football,00/01/1900 12:00,12
GET /rugby/schedule.html 200,mildredjones,Mildred Jones,Female,mildred.jones@gmail.com,21/09/2022 19:00,22/09/2022 01:00,Mexico,North America,live,20,rugby,00/01/1900 06:00,6
GET /pool/search.php 200,janepalmer,Jane Palmer,Male,jane.palmer@gmail.com,03/05/2021 04:00,03/05/2021 07:00,China,Asia,live,77,pool,00/01/1900 03:00,3
GET /pool/match1.html 200,waynemartinez,Wayne Martinez,Male,wayne.martinez@gmail.com,04/07/2022 23:00,05/07/2022 06:00,Germany,Europe,live,60,pool,00/01/1900 07:00,7
GET /tennis/search.php 200,oliversmith,Oliver Smith,Female,oliver.smith@gmail.com,23/09/2020 06:00,23/09/2020 11:00,Botswana,Africa,highlights,74,tennis,00/01/1900 05:00,5
GET /football/match3.jpg 304,johnrodriguez,John Rodriguez,Female,john.rodriguez@gmail.com,01/05/2022 20:00,02/05/2022 04:00,Botswana,Africa,highlights,78,football,00/01/1900 08:00,8
GET /pool/match1.html 200,mikedavis,Mike Davis,Female,mike.davis@gmail.com,02/03/2021 06:00,02/03/2021 11:00,USA,North America,live,36,pool,00/01/1900 05:00,5
GET /tennis/match1.html 200,johnbrookes,John Brookes,Male,john.brookes@gmail.com,28/07/2020 14:00,28/07/2020 19:00,South Africa,Africa,live,20,tennis,00/01/1900 05:00,5
GET /tennis/match2.html 200,oliverjohnson,Oliver Johnson,Male,oliver.johnson@gmail.com,02/02/2020 12:00,02/02/2020 18:00,UK,Europe,live,37,tennis,00/01/1900 06:00,6
GET /rugby/match2.html 200,emmasmith,Emma Smith,Male,emma.smith@gmail.com,23/02/2021 19:00,24/02/2021 02:00,Botswana,Africa,highlights,43,rugby,00/01/1900 07:00,7
GET /rugby/search.php 200,sophiakeith,Sophia Keith,Male,sophia.keith@gmail.com,17/05/2021 08:00,17/05/2021 11:00,Germany,Europe,live,37,rugby,00/01/1900 03:00,3
GET /football/match3.jpg 304,mildredsmith,Mildred Smith,Female,mildred.smith@gmail.com,17/10/2020 21:00,18/10/2020 01:00,Botswana,Africa,repeat,37,football,00/01/1900 04:00,4
GET /pool/match3.jpg 304,oliverkane,Oliver Kane,Male,oliver.kane@gmail.com,23/12/2021 13:00,23/12/2021 18:00,South Africa,Africa,highlights,54,pool,00/01/1900 05:00,5
GET /pool/match2.html 200,johnkeith,John Keith,Male,john.keith@gmail.com,26/10/2021 11:00,26/10/2021 17:00,Italy,Europe,repeat,60,pool,00/01/1900 06:00,6
GET /pool/match2.html 200,janegarcia,Jane Garcia,Female,jane.garcia@gmail.com,07/11/2022 19:00,08/11/2022 02:00,Zimbabwe,Africa,live,33,pool,00/01/1900 07:00,7
GET /pool/search.php 200,janebrookes,Jane Brookes,Female,jane.brookes@gmail.com,01/01/2023 07:00,01/01/2023 17:00,Botswana,Africa,highlights,73,pool,00/01/1900 10:00,10
GET /pool/match2.html 200,robertsmith,Robert Smith,Male,robert.smith@gmail.com,18/12/2021 19:00,19/12/2021 08:00,Canada,North America,highlights,72,pool,00/01/1900 13:00,13
GET /tennis/match3.jpg 304,mildredwilliams,Mildred Williams,Female,mildred.williams@gmail.com,07/11/2020 17:00,08/11/2020 03:00,Canada,North America,live,48,tennis,00/01/1900 10:00,10
GET /football/match1.html 200,williamgarcia,William Garcia,Female,william.garcia@gmail.com,12/08/2022 19:00,13/08/2022 08:00,Brazil,South America,live,68,football,00/01/1900 13:00,13
GET /tennis/match3.jpg 304,sophiadavis,Sophia Davis,Female,sophia.davis@gmail.com,24/05/2022 10:00,24/05/2022 17:00,UK,Europe,highlights,53,tennis,00/01/1900 07:00,7
GET /pool/match1.html 200,robertkane,Robert Kane,Male,robert.kane@gmail.com,15/08/2022 01:00,15/08/2022 12:00,Canada,North America,repeat,68,pool,00/01/1900 11:00,11
GET /pool/match2.html 200,emmakane,Emma Kane,Female,emma.kane@gmail.com,16/04/2022 07:00,16/04/2022 11:00,France,Europe,repeat,28,pool,00/01/1900 04:00,4
GET /rugby/search.php 200,emmarodriguez,Emma Rodriguez,Female,emma.rodriguez@gmail.com,15/08/2022 16:00,16/08/2022 02:00,South Africa,Africa,repeat,65,rugby,00/01/1900 10:00,10
GET /rugby/match2.html 200,johnwilliams,John Williams,Female,john.williams@gmail.com,16/01/2024 21:00,17/01/2024 03:00,Botswana,Africa,highlights,40,rugby,00/01/1900 06:00,6
GET /tennis/match3.jpg 304,isabellabrookes,Isabella Brookes,Male,isabella.brookes@gmail.com,15/01/2024 13:00,16/01/2024 01:00,China,Asia,repeat,45,tennis,00/01/1900 12:00,12
GET /tennis/match3.jpg 304,emmaanorld,Emma Anorld,Male,emma.anorld@gmail.com,16/08/2023 19:00,17/08/2023 06:00,France,Europe,live,45,tennis,00/01/1900 11:00,11
GET /pool/match3.jpg 304,miaanorld,Mia Anorld,Female,mia.anorld@gmail.com,08/12/2022 17:00,09/12/2022 05:00,Mexico,North America,highlights,48,pool,00/01/1900 12:00,12
GET /football/search.php 200,mikebrown,Mike Brown,Male,mike.brown@gmail.com,31/10/2020 06:00,31/10/2020 16:00,France,Europe,live,57,football,00/01/1900 10:00,10
GET /searchsports.php 200,miamartinez,Mia Martinez,Male,mia.martinez@gmail.com,14/08/2020 10:00,14/08/2020 23:00,Mexico,North America,live,18,searchsports.php 200,00/01/1900 13:00,13
GET /rugby/match1.html 200,olivermiller,Oliver Miller,Male,oliver.miller@gmail.com,26/08/2020 12:00,26/08/2020 17:00,USA,North America,highlights,42,rugby,00/01/1900 05:00,5
GET /football/match2.html 200,isabellagarcia,Isabella Garcia,Female,isabella.garcia@gmail.com,01/02/2020 16:00,01/02/2020 23:00,China,Asia,highlights,21,football,00/01/1900 07:00,7
GET /tennis/match3.jpg 304,miajones,Mia Jones,Female,mia.jones@gmail.com,07/05/2023 05:00,07/05/2023 13:00,South Africa,Africa,repeat,25,tennis,00/01/1900 08:00,8
GET /football/match2.html 200,mikejones,Mike Jones,Female,mike.jones@gmail.com,04/01/2021 23:00,05/01/2021 02:00,USA,North America,highlights,72,football,00/01/1900 03:00,3
GET /football/match3.jpg 304,sophiajohnson,Sophia Johnson,Female,sophia.johnson@gmail.com,30/12/2023 05:00,30/12/2023 15:00,USA,North America,repeat,73,football,00/01/1900 10:00,10
GET /tennis/match1.html 200,mikedavis,Mike Davis,Male,mike.davis@gmail.com,07/03/2024 18:00,08/03/2024 04:00,Italy,Europe,repeat,50,tennis,00/01/1900 10:00,10
GET /pool/search.php 200,jamesbrookes,James Brookes,Male,james.brookes@gmail.com,26/12/2022 22:00,27/12/2022 12:00,China,Asia,highlights,31,pool,00/01/1900 14:00,14
GET /searchsports.php 200,mildredsmith,Mildred Smith,Male,mildred.smith@gmail.com,18/02/2023 23:00,19/02/2023 06:00,France,Europe,repeat,80,searchsports.php 200,00/01/1900 07:00,7
GET /pool/search.php 200,isabellarose,Isabella Rose,Male,isabella.rose@gmail.com,23/02/2021 21:00,24/02/2021 06:00,Italy,Europe,highlights,18,pool,00/01/1900 09:00,9
GET /rugby/match1.html 200,oliversmith,Oliver Smith,Female,oliver.smith@gmail.com,03/06/2020 22:00,04/06/2020 04:00,China,Asia,repeat,21,rugby,00/01/1900 06:00,6
GET /pool/match1.html 200,silveranorld,Silver Anorld,Male,silver.anorld@gmail.com,21/07/2021 15:00,21/07/2021 22:00,Canada,North America,live,35,pool,00/01/1900 07:00,7
GET /tennis/match3.jpg 304,miabrookes,Mia Brookes,Male,mia.brookes@gmail.com,22/03/2021 15:00,22/03/2021 19:00,Canada,North America,live,65,tennis,00/01/1900 04:00,4
GET /pool/match1.html 200,robertanorld,Robert Anorld,Female,robert.anorld@gmail.com,02/01/2024 17:00,03/01/2024 01:00,Italy,Europe,highlights,57,pool,00/01/1900 08:00,8
GET /pool/search.php 200,janewilliams,Jane Williams,Male,jane.williams@gmail.com,29/07/2021 09:00,29/07/2021 14:00,Brazil,South America,live,38,pool,00/01/1900 05:00,5
GET /rugby/schedule.html 200,jameswilliams,James Williams,Female,james.williams@gmail.com,04/11/2023 07:00,04/11/2023 16:00,Germany,Europe,highlights,49,rugby,00/01/1900 09:00,9
GET /rugby/match1.html 200,sophiaanorld,Sophia Anorld,Male,sophia.anorld@gmail.com,04/11/2020 12:00,04/11/2020 15:00,France,Europe,highlights,26,rugby,00/01/1900 03:00,3
GET /rugby/search.php 200,johnanorld,John Anorld,Female,john.anorld@gmail.com,12/11/2021 19:00,13/11/2021 00:00,Spain,Europe,highlights,32,rugby,00/01/1900 05:00,5
GET /tennis/match3.jpg 304,prettyjones,Pretty Jones,Male,pretty.jones@gmail.com,01/10/2022 11:00,02/10/2022 01:00,UK,Europe,highlights,36,tennis,00/01/1900 14:00,14
GET /pool/match1.html 200,sophiarodriguez,Sophia Rodriguez,Female,sophia.rodriguez@gmail.com,09/08/2021 01:00,09/08/2021 13:00,Spain,Europe,live,51,pool,00/01/1900 12:00,12
GET /pool/match2.html 200,miaanorld,Mia Anorld,Female,mia.anorld@gmail.com,16/02/2024 18:00,17/02/2024 06:00,Botswana,Africa,repeat,50,pool,00/01/1900 12:00,12
GET /pool/search.php 200,miapalmer,Mia Palmer,Male,mia.palmer@gmail.com,28/03/2021 04:00,28/03/2021 17:00,Canada,North America,repeat,54,pool,00/01/1900 13:00,13
GET /football/match2.html 200,sophiaanorld,Sophia Anorld,Male,sophia.anorld@gmail.com,05/02/2020 02:00,05/02/2020 06:00,Italy,Europe,highlights,26,football,00/01/1900 04:00,4
GET /searchsports.php 200,waynekeith,Wayne Keith,Female,wayne.keith@gmail.com,15/04/2020 20:00,16/04/2020 08:00,Spain,Europe,highlights,59,searchsports.php 200,00/01/1900 12:00,12
GET /tennis/match2.html 200,mildredjones,Mildred Jones,Female,mildred.jones@gmail.com,02/03/2024 11:00,02/03/2024 17:00,South Africa,Africa,repeat,32,tennis,00/01/1900 06:00,6
GET /pool/match2.html 200,miamartinez,Mia Martinez,Female,mia.martinez@gmail.com,08/06/2022 21:00,09/06/2022 03:00,Spain,Europe,live,51,pool,00/01/1900 06:00,6
GET /searchsports.php 200,emmamartinez,Emma Martinez,Male,emma.martinez@gmail.com,14/04/2021 05:00,14/04/2021 16:00,Brazil,South America,highlights,51,searchsports.php 200,00/01/1900 11:00,11
GET /football/match3.jpg 304,miajohnson,Mia Johnson,Male,mia.johnson@gmail.com,29/01/2020 06:00,29/01/2020 12:00,Spain,Europe,highlights,65,football,00/01/1900 06:00,6
GET /football/match2.html 200,isabellawilliams,Isabella Williams,Female,isabella.williams@gmail.com,25/02/2021 16:00,26/02/2021 01:00,Spain,Europe,highlights,44,football,00/01/1900 09:00,9
GET /pool/match3.jpg 304,jamesjohnson,James Johnson,Female,james.johnson@gmail.com,18/03/2022 04:00,18/03/2022 07:00,Mexico,North America,live,43,pool,00/01/1900 03:00,3
GET /pool/search.php 200,janejones,Jane Jones,Male,jane.jones@gmail.com,20/02/2021 10:00,20/02/2021 21:00,Mexico,North America,highlights,66,pool,00/01/1900 11:00,11
GET /football/match3.jpg 304,johnmiller,John Miller,Female,john.miller@gmail.com,07/02/2023 18:00,07/02/2023 22:00,Botswana,Africa,live,28,football,00/01/1900 04:00,4
GET /rugby/search.php 200,silverwilliams,Silver Williams,Male,silver.williams@gmail.com,13/10/2020 22:00,14/10/2020 11:00,France,Europe,live,46,rugby,00/01/1900 13:00,13
GET /tennis/match1.html 200,mildredwilliams,Mildred Williams,Male,mildred.williams@gmail.com,05/08/2021 02:00,05/08/2021 16:00,USA,North America,live,28,tennis,00/01/1900 14:00,14
GET /tennis/schedule.html 200,olivermiller,Oliver Miller,Male,oliver.miller@gmail.com,23/11/2022 21:00,24/11/2022 06:00,Italy,Europe,repeat,40,tennis,00/01/1900 09:00,9
GET /rugby/schedule.html 200,mildredgarcia,Mildred Garcia,Male,mildred.garcia@gmail.com,26/07/2023 16:00,26/07/2023 22:00,Spain,Europe,live,34,rugby,00/01/1900 06:00,6
GET /rugby/match2.html 200,nathankeith,Nathan Keith,Female,nathan.keith@gmail.com,05/04/2020 15:00,05/04/2020 18:00,UK,Europe,live,71,rugby,00/01/1900 03:00,3
GET /pool/match1.html 200,janekeith,Jane Keith,Female,jane.keith@gmail.com,25/04/2021 06:00,25/04/2021 13:00,Zimbabwe,Africa,repeat,74,pool,00/01/1900 07:00,7
GET /rugby/search.php 200,oliverkane,Oliver Kane,Female,oliver.kane@gmail.com,27/03/2021 23:00,28/03/2021 08:00,Italy,Europe,repeat,24,rugby,00/01/1900 09:00,9
GET /rugby/search.php 200,janekane,Jane Kane,Female,jane.kane@gmail.com,05/10/2020 08:00,05/10/2020 21:00,Spain,Europe,repeat,66,rugby,00/01/1900 13:00,13
GET /pool/match1.html 200,mildredsmith,Mildred Smith,Male,mildred.smith@gmail.com,06/04/2021 22:00,07/04/2021 08:00,France,Europe,live,37,pool,00/01/1900 10:00,10
GET /tennis/schedule.html 200,silverbrown,Silver Brown,Male,silver.brown@gmail.com,25/10/2023 13:00,25/10/2023 19:00,Botswana,Africa,repeat,53,tennis,00/01/1900 06:00,6
GET /tennis/search.php 200,silverbrown,Silver Brown,Male,silver.brown@gmail.com,13/12/2022 18:00,14/12/2022 00:00,Zimbabwe,Africa,highlights,40,tennis,00/01/1900 06:00,6
GET /football/match3.jpg 304,janeanorld,Jane Anorld,Male,jane.anorld@gmail.com,08/08/2022 22:00,09/08/2022 10:00,Italy,Europe,live,30,football,00/01/1900 12:00,12
GET /rugby/match3.jpg 304,robertkeith,Robert Keith,Male,robert.keith@gmail.com,28/10/2020 14:00,28/10/2020 19:00,Botswana,Africa,repeat,45,rugby,00/01/1900 05:00,5
GET /tennis/search.php 200,johnrodriguez,John Rodriguez,Male,john.rodriguez@gmail.com,30/04/2020 16:00,01/05/2020 02:00,Italy,Europe,repeat,70,tennis,00/01/1900 10:00,10
GET /rugby/match2.html 200,nathankeith,Nathan Keith,Female,nathan.keith@gmail.com,20/09/2022 21:00,21/09/2022 01:00,Botswana,Africa,live,31,rugby,00/01/1900 04:00,4
GET /rugby/match1.html 200,mikekeith,Mike Keith,Female,mike.keith@gmail.com,10/10/2020 19:00,11/10/2020 04:00,South Africa,Africa,highlights,77,rugby,00/01/1900 09:00,9
GET /football/search.php 200,mikejones,Mike Jones,Male,mike.jones@gmail.com,14/08/2021 11:00,14/08/2021 18:00,Mexico,North America,repeat,54,football,00/01/1900 07:00,7
GET /tennis/match3.jpg 304,isabellagarcia,Isabella Garcia,Female,isabella.garcia@gmail.com,12/05/2022 22:00,13/05/2022 10:00,Germany,Europe,highlights,23,tennis,00/01/1900 12:00,12
GET /pool/match1.html 200,oliverbrookes,Oliver Brookes,Female,oliver.brookes@gmail.com,19/03/2023 10:00,19/03/2023 23:00,UK,Europe,highlights,18,pool,00/01/1900 13:00,13
GET /football/match2.html 200,miajones,Mia Jones,Female,mia.jones@gmail.com,28/01/2023 20:00,29/01/2023 03:00,France,Europe,repeat,53,football,00/01/1900 07:00,7
GET /rugby/match1.html 200,williamjones,William Jones,Male,william.jones@gmail.com,08/10/2021 23:00,09/10/2021 07:00,Zimbabwe,Africa,repeat,53,rugby,00/01/1900 08:00,8
GET /tennis/schedule.html 200,isabellakeith,Isabella Keith,Female,isabella.keith@gmail.com,23/07/2021 15:00,23/07/2021 23:00,Botswana,Africa,repeat,21,tennis,00/01/1900 08:00,8
GET /rugby/match2.html 200,waynesmith,Wayne Smith,Male,wayne.smith@gmail.com,01/07/2020 13:00,02/07/2020 03:00,Zimbabwe,Africa,repeat,20,rugby,00/01/1900 14:00,14
GET /football/search.php 200,mildredkeith,Mildred Keith,Female,mildred.keith@gmail.com,29/04/2021 19:00,29/04/2021 23:00,Zimbabwe,Africa,highlights,41,football,00/01/1900 04:00,4
GET /rugby/match1.html 200,johnmiller,John Miller,Female,john.miller@gmail.com,10/06/2021 20:00,11/06/2021 03:00,Germany,Europe,repeat,56,rugby,00/01/1900 07:00,7
GET /pool/match3.jpg 304,silveranorld,Silver Anorld,Female,silver.anorld@gmail.com,29/09/2023 22:00,30/09/2023 06:00,Spain,Europe,live,23,pool,00/01/1900 08:00,8
GET /pool/match1.html 200,mildredmiller,Mildred Miller,Female,mildred.miller@gmail.com,11/07/2021 22:00,12/07/2021 09:00,Canada,North America,repeat,33,pool,00/01/1900 11:00,11
GET /pool/match3.jpg 304,williambrown,William Brown,Male,william.brown@gmail.com,30/09/2021 00:00,30/09/2021 04:00,France,Europe,live,27,pool,00/01/1900 04:00,4
GET /football/match2.html 200,emmajohnson,Emma Johnson,Female,emma.johnson@gmail.com,25/05/2021 13:00,25/05/2021 18:00,France,Europe,live,22,football,00/01/1900 05:00,5
GET /tennis/search.php 200,nathansmith,Nathan Smith,Male,nathan.smith@gmail.com,07/11/2020 11:00,07/11/2020 19:00,USA,North America,live,21,tennis,00/01/1900 08:00,8
GET /rugby/match1.html 200,williamjohnson,William Johnson,Female,william.johnson@gmail.com,03/10/2023 16:00,04/10/2023 01:00,Germany,Europe,live,74,rugby,00/01/1900 09:00,9
GET /pool/match3.jpg 304,miagarcia,Mia Garcia,Male,mia.garcia@gmail.com,24/02/2020 05:00,24/02/2020 14:00,South Africa,Africa,highlights,38,pool,00/01/1900 09:00,9
GET /pool/match1.html 200,williamjohnson,William Johnson,Female,william.johnson@gmail.com,15/03/2023 04:00,15/03/2023 18:00,South Africa,Africa,repeat,80,pool,00/01/1900 14:00,14
GET /pool/match2.html 200,silverkeith,Silver Keith,Male,silver.keith@gmail.com,29/11/2021 18:00,30/11/2021 02:00,Italy,Europe,repeat,50,pool,00/01/1900 08:00,8
GET /pool/match3.jpg 304,waynemiller,Wayne Miller,Female,wayne.miller@gmail.com,15/08/2022 14:00,16/08/2022 00:00,Spain,Europe,live,61,pool,00/01/1900 10:00,10
GET /tennis/match1.html 200,mildredsmith,Mildred Smith,Female,mildred.smith@gmail.com,14/06/2020 23:00,15/06/2020 04:00,China,Asia,repeat,74,tennis,00/01/1900 05:00,5
GET /football/search.php 200,janedavis,Jane Davis,Female,jane.davis@gmail.com,27/01/2021 12:00,27/01/2021 21:00,Mexico,North America,highlights,18,football,00/01/1900 09:00,9
GET /pool/match1.html 200,sophiarose,Sophia Rose,Female,sophia.rose@gmail.com,22/03/2020 16:00,22/03/2020 21:00,Italy,Europe,live,54,pool,00/01/1900 05:00,5
GET /pool/match3.jpg 304,jamesrodriguez,James Rodriguez,Male,james.rodriguez@gmail.com,20/02/2024 04:00,20/02/2024 12:00,UK,Europe,highlights,24,pool,00/01/1900 08:00,8
GET /searchsports.php 200,waynemartinez,Wayne Martinez,Female,wayne.martinez@gmail.com,04/04/2021 02:00,04/04/2021 12:00,Zimbabwe,Africa,highlights,75,searchsports.php 200,00/01/1900 10:00,10
GET /football/schedule.html 200,waynebrown,Wayne Brown,Male,wayne.brown@gmail.com,30/06/2020 01:00,30/06/2020 05:00,Canada,North America,live,71,football,00/01/1900 04:00,4
GET /searchsports.php 200,silverrose,Silver Rose,Female,silver.rose@gmail.com,09/12/2022 20:00,10/12/2022 04:00,Zimbabwe,Africa,highlights,31,searchsports.php 200,00/01/1900 08:00,8
GET /rugby/match2.html 200,waynepalmer,Wayne Palmer,Male,wayne.palmer@gmail.com,30/09/2021 05:00,30/09/2021 09:00,Brazil,South America,repeat,53,rugby,00/01/1900 04:00,4
GET /pool/match1.html 200,mildredmartinez,Mildred Martinez,Female,mildred.martinez@gmail.com,03/11/2020 10:00,03/11/2020 18:00,Botswana,Africa,highlights,30,pool,00/01/1900 08:00,8
GET /football/search.php 200,sophiawilliams,Sophia Williams,Male,sophia.williams@gmail.com,23/06/2022 23:00,24/06/2022 02:00,Brazil,South America,live,72,football,00/01/1900 03:00,3
GET /rugby/schedule.html 200,mildredwilliams,Mildred Williams,Female,mildred.williams@gmail.com,21/06/2020 05:00,21/06/2020 12:00,France,Europe,repeat,39,rugby,00/01/1900 07:00,7
GET /football/schedule.html 200,johnkane,John Kane,Female,john.kane@gmail.com,26/11/2022 04:00,26/11/2022 10:00,Italy,Europe,highlights,45,football,00/01/1900 06:00,6
GET /tennis/match2.html 200,williamgarcia,William Garcia,Female,william.garcia@gmail.com,11/06/2022 02:00,11/06/2022 09:00,Italy,Europe,live,75,tennis,00/01/1900 07:00,7
GET /tennis/schedule.html 200,johnsmith,John Smith,Female,john.smith@gmail.com,11/09/2023 03:00,11/09/2023 17:00,Italy,Europe,live,69,tennis,00/01/1900 14:00,14
GET /football/match1.html 200,oliverjohnson,Oliver Johnson,Male,oliver.johnson@gmail.com,28/06/2020 11:00,28/06/2020 14:00,Brazil,South America,live,18,football,00/01/1900 03:00,3
GET /football/match2.html 200,waynerodriguez,Wayne Rodriguez,Female,wayne.rodriguez@gmail.com,22/10/2021 13:00,22/10/2021 17:00,Zimbabwe,Africa,repeat,20,football,00/01/1900 04:00,4
GET /tennis/match2.html 200,johnkeith,John Keith,Male,john.keith@gmail.com,28/11/2021 02:00,28/11/2021 13:00,China,Asia,live,18,tennis,00/01/1900 11:00,11
GET /rugby/schedule.html 200,sophiapalmer,Sophia Palmer,Female,sophia.palmer@gmail.com,04/01/2021 20:00,05/01/2021 04:00,Spain,Europe,repeat,36,rugby,00/01/1900 08:00,8
GET /tennis/match1.html 200,oliverwilliams,Oliver Williams,Female,oliver.williams@gmail.com,31/12/2021 02:00,31/12/2021 16:00,Zimbabwe,Africa,live,60,tennis,00/01/1900 14:00,14
GET /pool/match3.jpg 304,miajohnson,Mia Johnson,Female,mia.johnson@gmail.com,22/07/2023 16:00,22/07/2023 21:00,UK,Europe,live,52,pool,00/01/1900 05:00,5
GET /tennis/search.php 200,janerose,Jane Rose,Male,jane.rose@gmail.com,14/10/2023 15:00,14/10/2023 18:00,China,Asia,repeat,46,tennis,00/01/1900 03:00,3
GET /rugby/schedule.html 200,williamwilliams,William Williams,Female,william.williams@gmail.com,08/02/2020 10:00,08/02/2020 22:00,France,Europe,highlights,45,rugby,00/01/1900 12:00,12
GET /pool/match2.html 200,oliverwilliams,Oliver Williams,Female,oliver.williams@gmail.com,17/10/2022 04:00,17/10/2022 14:00,Brazil,South America,highlights,47,pool,00/01/1900 10:00,10
GET /football/search.php 200,olivergarcia,Oliver Garcia,Female,oliver.garcia@gmail.com,16/12/2023 10:00,16/12/2023 16:00,China,Asia,highlights,25,football,00/01/1900 06:00,6
GET /tennis/schedule.html 200,williamkane,William Kane,Male,william.kane@gmail.com,22/09/2023 13:00,22/09/2023 17:00,Brazil,South America,repeat,39,tennis,00/01/1900 04:00,4
GET /football/match1.html 200,sophiakane,Sophia Kane,Female,sophia.kane@gmail.com,03/02/2024 02:00,03/02/2024 14:00,Botswana,Africa,live,26,football,00/01/1900 12:00,12
GET /pool/match3.jpg 304,isabellajohnson,Isabella Johnson,Female,isabella.johnson@gmail.com,01/07/2020 00:00,01/07/2020 10:00,China,Asia,highlights,67,pool,00/01/1900 10:00,10
GET /searchsports.php 200,oliverwilliams,Oliver Williams,Male,oliver.williams@gmail.com,05/06/2022 12:00,06/06/2022 00:00,Canada,North America,highlights,35,searchsports.php 200,00/01/1900 12:00,12
GET /rugby/match1.html 200,johnbrown,John Brown,Female,john.brown@gmail.com,13/09/2021 19:00,14/09/2021 02:00,Germany,Europe,highlights,18,rugby,00/01/1900 07:00,7
GET /football/match3.jpg 304,mikerose,Mike Rose,Male,mike.rose@gmail.com,20/08/2023 11:00,20/08/2023 17:00,Botswana,Africa,repeat,27,football,00/01/1900 06:00,6
GET /tennis/match2.html 200,emmamiller,Emma Miller,Male,emma.miller@gmail.com,04/09/2022 15:00,05/09/2022 03:00,Brazil,South America,highlights,43,tennis,00/01/1900 12:00,12
GET /pool/search.php 200,mikekeith,Mike Keith,Male,mike.keith@gmail.com,19/09/2021 04:00,19/09/2021 16:00,Mexico,North America,highlights,26,pool,00/01/1900 12:00,12
GET /searchsports.php 200,emmamiller,Emma Miller,Male,emma.miller@gmail.com,02/03/2024 04:00,02/03/2024 13:00,UK,Europe,live,19,searchsports.php 200,00/01/1900 09:00,9
GET /tennis/match2.html 200,miajones,Mia Jones,Male,mia.jones@gmail.com,13/10/2023 13:00,13/10/2023 20:00,Botswana,Africa,highlights,46,tennis,00/01/1900 07:00,7
GET /pool/match1.html 200,mildredrose,Mildred Rose,Male,mildred.rose@gmail.com,21/09/2020 10:00,21/09/2020 17:00,Mexico,North America,live,33,pool,00/01/1900 07:00,7
GET /football/match2.html 200,williampalmer,William Palmer,Female,william.palmer@gmail.com,17/08/2022 19:00,18/08/2022 06:00,Mexico,North America,repeat,68,football,00/01/1900 11:00,11
GET /tennis/search.php 200,williamdavis,William Davis,Female,william.davis@gmail.com,04/12/2022 23:00,05/12/2022 09:00,Spain,Europe,highlights,24,tennis,00/01/1900 10:00,10
GET /rugby/search.php 200,isabellarose,Isabella Rose,Female,isabella.rose@gmail.com,17/11/2022 09:00,17/11/2022 21:00,Zimbabwe,Africa,repeat,44,rugby,00/01/1900 12:00,12
GET /tennis/match2.html 200,silverkane,Silver Kane,Male,silver.kane@gmail.com,03/04/2020 23:00,04/04/2020 11:00,France,Europe,highlights,43,tennis,00/01/1900 12:00,12
GET /rugby/match2.html 200,prettyrose,Pretty Rose,Male,pretty.rose@gmail.com,05/05/2022 10:00,06/05/2022 00:00,Brazil,South America,highlights,50,rugby,00/01/1900 14:00,14
GET /tennis/schedule.html 200,prettymiller,Pretty Miller,Male,pretty.miller@gmail.com,20/07/2021 10:00,21/07/2021 00:00,South Africa,Africa,repeat,22,tennis,00/01/1900 14:00,14
GET /rugby/schedule.html 200,janeanorld,Jane Anorld,Male,jane.anorld@gmail.com,08/09/2023 21:00,09/09/2023 03:00,Italy,Europe,highlights,32,rugby,00/01/1900 06:00,6
GET /tennis/match1.html 200,jameskane,James Kane,Female,james.kane@gmail.com,04/09/2023 22:00,05/09/2023 01:00,Botswana,Africa,live,32,tennis,00/01/1900 03:00,3
GET /football/match1.html 200,oliverbrookes,Oliver Brookes,Male,oliver.brookes@gmail.com,14/04/2020 08:00,14/04/2020 11:00,Spain,Europe,highlights,45,football,00/01/1900 03:00,3
GET /rugby/match3.jpg 304,miarose,Mia Rose,Male,mia.rose@gmail.com,13/10/2020 05:00,13/10/2020 15:00,South Africa,Africa,highlights,36,rugby,00/01/1900 10:00,10
GET /rugby/search.php 200,miawilliams,Mia Williams,Female,mia.williams@gmail.com,27/03/2024 14:00,27/03/2024 21:00,Mexico,North America,repeat,29,rugby,00/01/1900 07:00,7
GET /football/match2.html 200,mildredwilliams,Mildred Williams,Male,mildred.williams@gmail.com,24/10/2021 18:00,25/10/2021 08:00,China,Asia,live,65,football,00/01/1900 14:00,14
GET /tennis/match1.html 200,mildredrose,Mildred Rose,Female,mildred.rose@gmail.com,01/07/2021 11:00,01/07/2021 16:00,France,Europe,live,67,tennis,00/01/1900 05:00,5
GET /tennis/match2.html 200,silvermartinez,Silver Martinez,Male,silver.martinez@gmail.com,10/01/2024 07:00,10/01/2024 20:00,Germany,Europe,live,78,tennis,00/01/1900 13:00,13
GET /football/schedule.html 200,mildreddavis,Mildred Davis,Female,mildred.davis@gmail.com,24/02/2021 14:00,25/02/2021 04:00,China,Asia,highlights,77,football,00/01/1900 14:00,14
GET /pool/match3.jpg 304,emmaanorld,Emma Anorld,Male,emma.anorld@gmail.com,01/02/2022 12:00,02/02/2022 00:00,Germany,Europe,live,36,pool,00/01/1900 12:00,12
GET /pool/search.php 200,williamgarcia,William Garcia,Female,william.garcia@gmail.com,11/11/2021 21:00,12/11/2021 06:00,Zimbabwe,Africa,repeat,49,pool,00/01/1900 09:00,9
GET /rugby/match1.html 200,jameskeith,James Keith,Male,james.keith@gmail.com,01/03/2020 05:00,01/03/2020 15:00,UK,Europe,repeat,40,rugby,00/01/1900 10:00,10
GET /pool/match3.jpg 304,prettyanorld,Pretty Anorld,Female,pretty.anorld@gmail.com,11/03/2024 20:00,12/03/2024 04:00,UK,Europe,repeat,66,pool,00/01/1900 08:00,8
GET /pool/search.php 200,isabellakeith,Isabella Keith,Female,isabella.keith@gmail.com,30/03/2020 11:00,31/03/2020 00:00,Spain,Europe,repeat,18,pool,00/01/1900 13:00,13
GET /football/match3.jpg 304,silverbrown,Silver Brown,Female,silver.brown@gmail.com,20/11/2020 00:00,20/11/2020 11:00,China,Asia,highlights,38,football,00/01/1900 11:00,11
GET /tennis/schedule.html 200,nathanmiller,Nathan Miller,Male,nathan.miller@gmail.com,19/11/2021 12:00,19/11/2021 21:00,Canada,North America,live,20,tennis,00/01/1900 09:00,9
GET /rugby/match2.html 200,miadavis,Mia Davis,Female,mia.davis@gmail.com,26/09/2022 22:00,27/09/2022 06:00,Zimbabwe,Africa,repeat,65,rugby,00/01/1900 08:00,8
GET /rugby/schedule.html 200,emmamiller,Emma Miller,Female,emma.miller@gmail.com,04/01/2022 11:00,04/01/2022 21:00,France,Europe,highlights,75,rugby,00/01/1900 10:00,10
GET /tennis/match2.html 200,emmakane,Emma Kane,Male,emma.kane@gmail.com,18/01/2023 02:00,18/01/2023 08:00,Spain,Europe,repeat,58,tennis,00/01/1900 06:00,6
GET /tennis/match3.jpg 304,mikekane,Mike Kane,Male,mike.kane@gmail.com,28/08/2020 20:00,29/08/2020 08:00,Botswana,Africa,highlights,76,tennis,00/01/1900 12:00,12
GET /pool/match3.jpg 304,olivermiller,Oliver Miller,Female,oliver.miller@gmail.com,25/06/2022 14:00,25/06/2022 20:00,Botswana,Africa,highlights,41,pool,00/01/1900 06:00,6
GET /football/match2.html 200,jamessmith,James Smith,Male,james.smith@gmail.com,23/04/2022 12:00,23/04/2022 22:00,Zimbabwe,Africa,repeat,25,football,00/01/1900 10:00,10
GET /football/schedule.html 200,johnjohnson,John Johnson,Female,john.johnson@gmail.com,21/07/2022 14:00,22/07/2022 04:00,Italy,Europe,repeat,50,football,00/01/1900 14:00,14
GET /football/match3.jpg 304,oliverrose,Oliver Rose,Female,oliver.rose@gmail.com,17/04/2021 13:00,17/04/2021 23:00,China,Asia,repeat,60,football,00/01/1900 10:00,10
GET /rugby/match1.html 200,johnsmith,John Smith,Male,john.smith@gmail.com,10/09/2020 17:00,11/09/2020 04:00,Italy,Europe,highlights,69,rugby,00/01/1900 11:00,11
GET /tennis/match2.html 200,robertkeith,Robert Keith,Male,robert.keith@gmail.com,15/10/2023 01:00,15/10/2023 09:00,Brazil,South America,repeat,58,tennis,00/01/1900 08:00,8
GET /rugby/schedule.html 200,isabellawilliams,Isabella Williams,Male,isabella.williams@gmail.com,07/09/2020 03:00,07/09/2020 12:00,China,Asia,highlights,80,rugby,00/01/1900 09:00,9
GET /tennis/match3.jpg 304,miarodriguez,Mia Rodriguez,Male,mia.rodriguez@gmail.com,22/03/2023 20:00,23/03/2023 05:00,Zimbabwe,Africa,live,27,tennis,00/01/1900 09:00,9
GET /pool/match3.jpg 304,waynemartinez,Wayne Martinez,Female,wayne.martinez@gmail.com,05/08/2023 21:00,06/08/2023 11:00,Zimbabwe,Africa,repeat,75,pool,00/01/1900 14:00,14
GET /tennis/search.php 200,sophiajones,Sophia Jones,Female,sophia.jones@gmail.com,27/09/2023 06:00,27/09/2023 15:00,Zimbabwe,Africa,highlights,60,tennis,00/01/1900 09:00,9
GET /rugby/match3.jpg 304,johnjones,John Jones,Female,john.jones@gmail.com,17/05/2021 05:00,17/05/2021 11:00,Canada,North America,highlights,43,rugby,00/01/1900 06:00,6
GET /rugby/schedule.html 200,miagarcia,Mia Garcia,Male,mia.garcia@gmail.com,24/12/2023 16:00,25/12/2023 00:00,Brazil,South America,highlights,54,rugby,00/01/1900 08:00,8
GET /tennis/search.php 200,emmagarcia,Emma Garcia,Female,emma.garcia@gmail.com,27/03/2021 02:00,27/03/2021 16:00,South Africa,Africa,highlights,20,tennis,00/01/1900 14:00,14
GET /rugby/search.php 200,oliverrodriguez,Oliver Rodriguez,Female,oliver.rodriguez@gmail.com,01/06/2023 13:00,01/06/2023 16:00,Botswana,Africa,repeat,21,rugby,00/01/1900 03:00,3
GET /rugby/match1.html 200,mikemiller,Mike Miller,Female,mike.miller@gmail.com,13/01/2023 01:00,13/01/2023 06:00,UK,Europe,highlights,21,rugby,00/01/1900 05:00,5
GET /pool/match2.html 200,emmamiller,Emma Miller,Male,emma.miller@gmail.com,10/08/2020 21:00,11/08/2020 04:00,Germany,Europe,highlights,32,pool,00/01/1900 07:00,7
GET /pool/match1.html 200,prettymartinez,Pretty Martinez,Female,pretty.martinez@gmail.com,05/10/2023 05:00,05/10/2023 12:00,Canada,North America,repeat,80,pool,00/01/1900 07:00,7
GET /football/search.php 200,miarose,Mia Rose,Female,mia.rose@gmail.com,26/08/2023 19:00,27/08/2023 03:00,Germany,Europe,live,73,football,00/01/1900 08:00,8
GET /pool/match2.html 200,prettyjones,Pretty Jones,Male,pretty.jones@gmail.com,28/02/2024 20:00,29/02/2024 08:00,Canada,North America,highlights,36,pool,00/01/1900 12:00,12
GET /football/search.php 200,mikekeith,Mike Keith,Male,mike.keith@gmail.com,09/07/2021 00:00,09/07/2021 11:00,Brazil,South America,live,72,football,00/01/1900 11:00,11
GET /tennis/match2.html 200,emmadavis,Emma Davis,Male,emma.davis@gmail.com,29/03/2024 20:00,30/03/2024 03:00,France,Europe,repeat,54,tennis,00/01/1900 07:00,7
GET /rugby/match1.html 200,jamesmartinez,James Martinez,Female,james.martinez@gmail.com,04/10/2021 12:00,04/10/2021 22:00,Spain,Europe,highlights,43,rugby,00/01/1900 10:00,10
GET /football/match1.html 200,mikebrookes,Mike Brookes,Male,mike.brookes@gmail.com,14/01/2023 08:00,14/01/2023 21:00,USA,North America,live,64,football,00/01/1900 13:00,13
GET /tennis/search.php 200,nathanbrookes,Nathan Brookes,Female,nathan.brookes@gmail.com,28/01/2024 21:00,29/01/2024 03:00,Brazil,South America,repeat,70,tennis,00/01/1900 06:00,6
GET /football/match2.html 200,prettymiller,Pretty Miller,Female,pretty.miller@gmail.com,12/11/2020 13:00,13/11/2020 00:00,Germany,Europe,repeat,35,football,00/01/1900 11:00,11
GET /rugby/match1.html 200,johnjohnson,John Johnson,Female,john.johnson@gmail.com,19/01/2022 17:00,19/01/2022 22:00,Brazil,South America,live,78,rugby,00/01/1900 05:00,5
GET /football/schedule.html 200,silversmith,Silver Smith,Male,silver.smith@gmail.com,27/07/2020 13:00,27/07/2020 17:00,Brazil,South America,repeat,31,football,00/01/1900 04:00,4
GET /tennis/match2.html 200,johngarcia,John Garcia,Male,john.garcia@gmail.com,16/12/2022 16:00,17/12/2022 00:00,Italy,Europe,live,24,tennis,00/01/1900 08:00,8
GET /football/match2.html 200,janedavis,Jane Davis,Female,jane.davis@gmail.com,07/10/2023 11:00,07/10/2023 22:00,Zimbabwe,Africa,highlights,20,football,00/01/1900 11:00,11
GET /football/search.php 200,janemartinez,Jane Martinez,Male,jane.martinez@gmail.com,31/03/2023 22:00,01/04/2023 05:00,Mexico,North America,live,29,football,00/01/1900 07:00,7
GET /rugby/match1.html 200,mildreddavis,Mildred Davis,Female,mildred.davis@gmail.com,18/12/2020 12:00,19/12/2020 02:00,Italy,Europe,live,35,rugby,00/01/1900 14:00,14
GET /football/match1.html 200,prettypalmer,Pretty Palmer,Male,pretty.palmer@gmail.com,02/11/2023 19:00,03/11/2023 00:00,Zimbabwe,Africa,highlights,70,football,00/01/1900 05:00,5
GET /football/search.php 200,williamgarcia,William Garcia,Male,william.garcia@gmail.com,17/04/2023 15:00,17/04/2023 22:00,France,Europe,live,63,football,00/01/1900 07:00,7
GET /football/match3.jpg 304,robertbrown,Robert Brown,Female,robert.brown@gmail.com,19/03/2024 15:00,19/03/2024 22:00,Mexico,North America,repeat,61,football,00/01/1900 07:00,7
GET /rugby/search.php 200,johnjones,John Jones,Female,john.jones@gmail.com,15/02/2022 08:00,15/02/2022 12:00,Germany,Europe,live,52,rugby,00/01/1900 04:00,4
GET /rugby/match2.html 200,silverkeith,Silver Keith,Male,silver.keith@gmail.com,02/07/2020 18:00,03/07/2020 01:00,Spain,Europe,live,71,rugby,00/01/1900 07:00,7
GET /tennis/match2.html 200,oliverpalmer,Oliver Palmer,Female,oliver.palmer@gmail.com,29/11/2022 18:00,30/11/2022 08:00,Germany,Europe,repeat,44,tennis,00/01/1900 14:00,14
GET /pool/search.php 200,mildreddavis,Mildred Davis,Female,mildred.davis@gmail.com,25/06/2023 10:00,25/06/2023 19:00,Brazil,South America,repeat,57,pool,00/01/1900 09:00,9
GET /pool/match2.html 200,robertanorld,Robert Anorld,Female,robert.anorld@gmail.com,24/08/2023 22:00,25/08/2023 06:00,USA,North America,live,43,pool,00/01/1900 08:00,8
GET /rugby/match2.html 200,williamkane,William Kane,Male,william.kane@gmail.com,22/08/2023 02:00,22/08/2023 05:00,France,Europe,repeat,58,rugby,00/01/1900 03:00,3
GET /pool/match1.html 200,mikekane,Mike Kane,Female,mike.kane@gmail.com,10/03/2023 08:00,10/03/2023 19:00,China,Asia,repeat,41,pool,00/01/1900 11:00,11
GET /football/schedule.html 200,nathanrodriguez,Nathan Rodriguez,Female,nathan.rodriguez@gmail.com,12/10/2023 08:00,12/10/2023 21:00,Zimbabwe,Africa,highlights,30,football,00/01/1900 13:00,13
GET /searchsports.php 200,silvermartinez,Silver Martinez,Male,silver.martinez@gmail.com,25/04/2022 21:00,26/04/2022 10:00,Italy,Europe,highlights,59,searchsports.php 200,00/01/1900 13:00,13
GET /tennis/match2.html 200,janemartinez,Jane Martinez,Male,jane.martinez@gmail.com,18/11/2022 02:00,18/11/2022 11:00,Mexico,North America,repeat,61,tennis,00/01/1900 09:00,9
GET /pool/match1.html 200,prettymiller,Pretty Miller,Male,pretty.miller@gmail.com,14/01/2023 07:00,14/01/2023 18:00,UK,Europe,highlights,59,pool,00/01/1900 11:00,11
GET /football/search.php 200,silverrose,Silver Rose,Female,silver.rose@gmail.com,10/10/2022 23:00,11/10/2022 03:00,Mexico,North America,live,56,football,00/01/1900 04:00,4
GET /tennis/match1.html 200,johnbrown,John Brown,Female,john.brown@gmail.com,22/01/2021 14:00,22/01/2021 21:00,Canada,North America,highlights,40,tennis,00/01/1900 07:00,7
GET /rugby/schedule.html 200,williammartinez,William Martinez,Female,william.martinez@gmail.com,07/07/2021 19:00,07/07/2021 23:00,Italy,Europe,live,80,rugby,00/01/1900 04:00,4
GET /pool/match2.html 200,sophiamiller,Sophia Miller,Female,sophia.miller@gmail.com,03/01/2024 22:00,04/01/2024 12:00,UK,Europe,live,63,pool,00/01/1900 14:00,14
GET /football/search.php 200,mikerodriguez,Mike Rodriguez,Male,mike.rodriguez@gmail.com,30/04/2021 18:00,01/05/2021 00:00,Canada,North America,live,20,football,00/01/1900 06:00,6
GET /rugby/match1.html 200,johngarcia,John Garcia,Female,john.garcia@gmail.com,23/05/2022 20:00,23/05/2022 23:00,USA,North America,repeat,36,rugby,00/01/1900 03:00,3
GET /football/match2.html 200,janemartinez,Jane Martinez,Male,jane.martinez@gmail.com,07/09/2020 15:00,08/09/2020 01:00,Spain,Europe,live,52,football,00/01/1900 10:00,10
GET /pool/match2.html 200,miasmith,Mia Smith,Male,mia.smith@gmail.com,16/06/2020 19:00,16/06/2020 23:00,Mexico,North America,highlights,60,pool,00/01/1900 04:00,4
GET /pool/match1.html 200,waynebrookes,Wayne Brookes,Female,wayne.brookes@gmail.com,04/09/2021 10:00,04/09/2021 13:00,Spain,Europe,highlights,26,pool,00/01/1900 03:00,3
GET /pool/match2.html 200,robertkane,Robert Kane,Male,robert.kane@gmail.com,27/01/2024 01:00,27/01/2024 09:00,UK,Europe,repeat,48,pool,00/01/1900 08:00,8
GET /football/match1.html 200,isabellarose,Isabella Rose,Male,isabella.rose@gmail.com,10/04/2022 20:00,11/04/2022 01:00,USA,North America,repeat,36,football,00/01/1900 05:00,5
GET /football/search.php 200,emmarodriguez,Emma Rodriguez,Male,emma.rodriguez@gmail.com,30/03/2021 07:00,30/03/2021 16:00,Brazil,South America,live,60,football,00/01/1900 09:00,9
GET /football/match2.html 200,williamgarcia,William Garcia,Female,william.garcia@gmail.com,20/04/2020 04:00,20/04/2020 17:00,Italy,Europe,highlights,26,football,00/01/1900 13:00,13
GET /football/search.php 200,janejones,Jane Jones,Male,jane.jones@gmail.com,19/09/2020 15:00,19/09/2020 22:00,South Africa,Africa,repeat,43,football,00/01/1900 07:00,7
GET /pool/match1.html 200,waynejohnson,Wayne Johnson,Female,wayne.johnson@gmail.com,09/09/2022 09:00,09/09/2022 15:00,Brazil,South America,repeat,41,pool,00/01/1900 06:00,6
GET /rugby/schedule.html 200,emmadavis,Emma Davis,Male,emma.davis@gmail.com,21/05/2022 20:00,21/05/2022 23:00,Spain,Europe,repeat,80,rugby,00/01/1900 03:00,3
GET /tennis/match2.html 200,oliverbrown,Oliver Brown,Female,oliver.brown@gmail.com,09/01/2022 14:00,09/01/2022 21:00,South Africa,Africa,highlights,73,tennis,00/01/1900 07:00,7
GET /rugby/schedule.html 200,oliverjones,Oliver Jones,Male,oliver.jones@gmail.com,25/07/2022 01:00,25/07/2022 09:00,France,Europe,repeat,25,rugby,00/01/1900 08:00,8
GET /pool/match1.html 200,mikemartinez,Mike Martinez,Female,mike.martinez@gmail.com,19/11/2021 17:00,20/11/2021 03:00,Zimbabwe,Africa,live,46,pool,00/01/1900 10:00,10
GET /tennis/match3.jpg 304,isabellasmith,Isabella Smith,Female,isabella.smith@gmail.com,26/09/2021 00:00,26/09/2021 13:00,Brazil,South America,live,31,tennis,00/01/1900 13:00,13
GET /rugby/schedule.html 200,waynerodriguez,Wayne Rodriguez,Male,wayne.rodriguez@gmail.com,25/06/2023 01:00,25/06/2023 08:00,Zimbabwe,Africa,live,50,rugby,00/01/1900 07:00,7
GET /rugby/match3.jpg 304,waynemiller,Wayne Miller,Female,wayne.miller@gmail.com,19/06/2022 05:00,19/06/2022 17:00,China,Asia,live,63,rugby,00/01/1900 12:00,12
GET /pool/search.php 200,waynejohnson,Wayne Johnson,Male,wayne.johnson@gmail.com,30/03/2022 06:00,30/03/2022 15:00,Canada,North America,live,28,pool,00/01/1900 09:00,9
GET /rugby/match2.html 200,mikedavis,Mike Davis,Female,mike.davis@gmail.com,09/10/2022 12:00,09/10/2022 16:00,Zimbabwe,Africa,live,73,rugby,00/01/1900 04:00,4
GET /rugby/match3.jpg 304,emmakane,Emma Kane,Male,emma.kane@gmail.com,05/10/2020 21:00,06/10/2020 07:00,USA,North America,live,41,rugby,00/01/1900 10:00,10
GET /pool/search.php 200,mildredpalmer,Mildred Palmer,Female,mildred.palmer@gmail.com,27/03/2021 12:00,28/03/2021 02:00,Botswana,Africa,highlights,30,pool,00/01/1900 14:00,14
GET /pool/search.php 200,johnrodriguez,John Rodriguez,Male,john.rodriguez@gmail.com,05/10/2022 08:00,05/10/2022 19:00,Germany,Europe,live,44,pool,00/01/1900 11:00,11
GET /tennis/match2.html 200,sophiarodriguez,Sophia Rodriguez,Female,sophia.rodriguez@gmail.com,30/08/2023 04:00,30/08/2023 14:00,Spain,Europe,highlights,60,tennis,00/01/1900 10:00,10
GET /tennis/schedule.html 200,waynekane,Wayne Kane,Male,wayne.kane@gmail.com,28/12/2021 12:00,28/12/2021 21:00,Zimbabwe,Africa,repeat,70,tennis,00/01/1900 09:00,9
GET /football/match2.html 200,miamiller,Mia Miller,Male,mia.miller@gmail.com,19/07/2020 01:00,19/07/2020 12:00,South Africa,Africa,repeat,25,football,00/01/1900 11:00,11
GET /pool/match1.html 200,janerose,Jane Rose,Male,jane.rose@gmail.com,29/07/2021 09:00,29/07/2021 13:00,Zimbabwe,Africa,live,44,pool,00/01/1900 04:00,4
GET /searchsports.php 200,isabelladavis,Isabella Davis,Male,isabella.davis@gmail.com,17/03/2021 11:00,17/03/2021 15:00,Spain,Europe,repeat,56,searchsports.php 200,00/01/1900 04:00,4
GET /rugby/search.php 200,oliverkeith,Oliver Keith,Female,oliver.keith@gmail.com,24/10/2020 05:00,24/10/2020 19:00,China,Asia,live,48,rugby,00/01/1900 14:00,14
GET /rugby/search.php 200,mildredmiller,Mildred Miller,Male,mildred.miller@gmail.com,08/04/2024 01:00,08/04/2024 08:00,China,Asia,repeat,73,rugby,00/01/1900 07:00,7
GET /tennis/search.php 200,miagarcia,Mia Garcia,Male,mia.garcia@gmail.com,31/03/2021 08:00,31/03/2021 19:00,China,Asia,repeat,59,tennis,00/01/1900 11:00,11
GET /rugby/search.php 200,miarose,Mia Rose,Male,mia.rose@gmail.com,21/08/2020 16:00,21/08/2020 23:00,France,Europe,repeat,68,rugby,00/01/1900 07:00,7
GET /pool/match2.html 200,jamesjohnson,James Johnson,Male,james.johnson@gmail.com,20/05/2021 19:00,21/05/2021 09:00,Mexico,North America,highlights,31,pool,00/01/1900 14:00,14
GET /tennis/match2.html 200,robertdavis,Robert Davis,Female,robert.davis@gmail.com,22/01/2023 21:00,23/01/2023 06:00,USA,North America,live,70,tennis,00/01/1900 09:00,9
GET /rugby/match1.html 200,mikemiller,Mike Miller,Male,mike.miller@gmail.com,22/03/2020 22:00,23/03/2020 04:00,USA,North America,highlights,53,rugby,00/01/1900 06:00,6
GET /pool/match3.jpg 304,mildredrodriguez,Mildred Rodriguez,Female,mildred.rodriguez@gmail.com,22/11/2022 03:00,22/11/2022 11:00,Italy,Europe,repeat,37,pool,00/01/1900 08:00,8
GET /rugby/search.php 200,williamkane,William Kane,Female,william.kane@gmail.com,09/07/2020 09:00,09/07/2020 13:00,Brazil,South America,live,31,rugby,00/01/1900 04:00,4
GET /tennis/match1.html 200,mikewilliams,Mike Williams,Female,mike.williams@gmail.com,29/01/2023 02:00,29/01/2023 05:00,Italy,Europe,highlights,78,tennis,00/01/1900 03:00,3
GET /football/search.php 200,johnjones,John Jones,Male,john.jones@gmail.com,23/05/2022 17:00,24/05/2022 07:00,Germany,Europe,live,41,football,00/01/1900 14:00,14
GET /rugby/match1.html 200,williamsmith,William Smith,Female,william.smith@gmail.com,12/06/2023 19:00,13/06/2023 08:00,South Africa,Africa,highlights,69,rugby,00/01/1900 13:00,13
GET /rugby/match2.html 200,williammiller,William Miller,Female,william.miller@gmail.com,16/02/2024 14:00,16/02/2024 20:00,Zimbabwe,Africa,live,42,rugby,00/01/1900 06:00,6
GET /tennis/schedule.html 200,miagarcia,Mia Garcia,Male,mia.garcia@gmail.com,03/03/2021 19:00,04/03/2021 05:00,USA,North America,repeat,50,tennis,00/01/1900 10:00,10
GET /football/schedule.html 200,janegarcia,Jane Garcia,Male,jane.garcia@gmail.com,11/07/2021 22:00,12/07/2021 08:00,Mexico,North America,live,27,football,00/01/1900 10:00,10
GET /tennis/match1.html 200,robertjohnson,Robert Johnson,Male,robert.johnson@gmail.com,28/11/2021 18:00,29/11/2021 06:00,Spain,Europe,highlights,61,tennis,00/01/1900 12:00,12
GET /rugby/match1.html 200,janeanorld,Jane Anorld,Male,jane.anorld@gmail.com,09/10/2021 21:00,10/10/2021 06:00,Canada,North America,live,26,rugby,00/01/1900 09:00,9
GET /football/match2.html 200,isabellarodriguez,Isabella Rodriguez,Female,isabella.rodriguez@gmail.com,22/09/2023 20:00,23/09/2023 06:00,France,Europe,highlights,28,football,00/01/1900 10:00,10
GET /pool/match3.jpg 304,nathanjones,Nathan Jones,Male,nathan.jones@gmail.com,24/04/2021 11:00,24/04/2021 17:00,Zimbabwe,Africa,highlights,20,pool,00/01/1900 06:00,6
GET /football/match2.html 200,mildredjohnson,Mildred Johnson,Female,mildred.johnson@gmail.com,13/01/2020 11:00,13/01/2020 20:00,Germany,Europe,highlights,33,football,00/01/1900 09:00,9
GET /football/search.php 200,johnbrookes,John Brookes,Male,john.brookes@gmail.com,28/10/2022 18:00,29/10/2022 05:00,France,Europe,highlights,29,football,00/01/1900 11:00,11
GET /tennis/search.php 200,miabrookes,Mia Brookes,Male,mia.brookes@gmail.com,02/02/2023 06:00,02/02/2023 20:00,UK,Europe,highlights,35,tennis,00/01/1900 14:00,14
GET /pool/search.php 200,isabellakeith,Isabella Keith,Female,isabella.keith@gmail.com,26/08/2023 01:00,26/08/2023 10:00,France,Europe,live,22,pool,00/01/1900 09:00,9
GET /football/search.php 200,prettyjohnson,Pretty Johnson,Male,pretty.johnson@gmail.com,26/09/2023 03:00,26/09/2023 10:00,Germany,Europe,live,62,football,00/01/1900 07:00,7
GET /football/match1.html 200,sophiagarcia,Sophia Garcia,Female,sophia.garcia@gmail.com,30/05/2022 09:00,30/05/2022 12:00,South Africa,Africa,live,18,football,00/01/1900 03:00,3
GET /tennis/match2.html 200,miapalmer,Mia Palmer,Male,mia.palmer@gmail.com,09/12/2021 14:00,09/12/2021 18:00,Brazil,South America,live,75,tennis,00/01/1900 04:00,4
GET /football/match2.html 200,mikedavis,Mike Davis,Female,mike.davis@gmail.com,10/03/2021 19:00,10/03/2021 22:00,Botswana,Africa,highlights,77,football,00/01/1900 03:00,3
GET /football/match1.html 200,mikemartinez,Mike Martinez,Female,mike.martinez@gmail.com,23/01/2022 18:00,24/01/2022 06:00,Zimbabwe,Africa,repeat,54,football,00/01/1900 12:00,12
GET /tennis/match3.jpg 304,miadavis,Mia Davis,Female,mia.davis@gmail.com,12/01/2021 23:00,13/01/2021 11:00,Italy,Europe,live,48,tennis,00/01/1900 12:00,12
GET /pool/match3.jpg 304,oliveranorld,Oliver Anorld,Male,oliver.anorld@gmail.com,11/11/2021 05:00,11/11/2021 14:00,China,Asia,repeat,27,pool,00/01/1900 09:00,9
GET /football/match1.html 200,isabellarose,Isabella Rose,Male,isabella.rose@gmail.com,11/05/2023 16:00,11/05/2023 20:00,Germany,Europe,repeat,77,football,00/01/1900 04:00,4
GET /rugby/schedule.html 200,oliverpalmer,Oliver Palmer,Female,oliver.palmer@gmail.com,12/01/2020 09:00,12/01/2020 13:00,Botswana,Africa,live,38,rugby,00/01/1900 04:00,4
GET /football/match3.jpg 304,sophiagarcia,Sophia Garcia,Female,sophia.garcia@gmail.com,11/04/2022 02:00,11/04/2022 05:00,France,Europe,highlights,78,football,00/01/1900 03:00,3
GET /football/match1.html 200,silverwilliams,Silver Williams,Female,silver.williams@gmail.com,02/06/2020 21:00,03/06/2020 05:00,Mexico,North America,live,80,football,00/01/1900 08:00,8
GET /rugby/match1.html 200,robertdavis,Robert Davis,Female,robert.davis@gmail.com,22/10/2021 14:00,22/10/2021 17:00,Mexico,North America,live,36,rugby,00/01/1900 03:00,3
GET /pool/search.php 200,jamesmiller,James Miller,Male,james.miller@gmail.com,23/10/2023 15:00,23/10/2023 22:00,UK,Europe,live,38,pool,00/01/1900 07:00,7
GET /tennis/match2.html 200,emmasmith,Emma Smith,Female,emma.smith@gmail.com,15/09/2022 17:00,16/09/2022 03:00,Botswana,Africa,live,23,tennis,00/01/1900 10:00,10
GET /football/match2.html 200,oliverpalmer,Oliver Palmer,Female,oliver.palmer@gmail.com,15/01/2022 09:00,15/01/2022 23:00,Mexico,North America,live,75,football,00/01/1900 14:00,14
GET /tennis/schedule.html 200,prettysmith,Pretty Smith,Male,pretty.smith@gmail.com,16/09/2023 18:00,17/09/2023 05:00,Mexico,North America,live,61,tennis,00/01/1900 11:00,11
GET /tennis/search.php 200,isabellakeith,Isabella Keith,Female,isabella.keith@gmail.com,09/01/2023 01:00,09/01/2023 06:00,Zimbabwe,Africa,live,30,tennis,00/01/1900 05:00,5
GET /pool/match3.jpg 304,sophiawilliams,Sophia Williams,Female,sophia.williams@gmail.com,05/08/2020 18:00,05/08/2020 23:00,China,Asia,repeat,67,pool,00/01/1900 05:00,5
GET /football/match2.html 200,silverpalmer,Silver Palmer,Female,silver.palmer@gmail.com,02/09/2022 23:00,03/09/2022 09:00,Italy,Europe,repeat,56,football,00/01/1900 10:00,10
GET /rugby/match1.html 200,waynegarcia,Wayne Garcia,Female,wayne.garcia@gmail.com,08/07/2022 17:00,09/07/2022 01:00,Germany,Europe,live,67,rugby,00/01/1900 08:00,8
GET /football/schedule.html 200,wayneanorld,Wayne Anorld,Female,wayne.anorld@gmail.com,22/02/2021 08:00,22/02/2021 16:00,Brazil,South America,live,51,football,00/01/1900 08:00,8
GET /rugby/match1.html 200,johnwilliams,John Williams,Female,john.williams@gmail.com,22/01/2021 10:00,22/01/2021 20:00,Botswana,Africa,repeat,51,rugby,00/01/1900 10:00,10
GET /football/search.php 200,prettyrodriguez,Pretty Rodriguez,Male,pretty.rodriguez@gmail.com,24/12/2023 11:00,24/12/2023 16:00,USA,North America,highlights,33,football,00/01/1900 05:00,5
GET /tennis/schedule.html 200,nathanwilliams,Nathan Williams,Male,nathan.williams@gmail.com,11/06/2023 03:00,11/06/2023 07:00,Canada,North America,highlights,36,tennis,00/01/1900 04:00,4
GET /tennis/match1.html 200,waynemartinez,Wayne Martinez,Male,wayne.martinez@gmail.com,13/12/2020 09:00,13/12/2020 19:00,France,Europe,highlights,78,tennis,00/01/1900 10:00,10
GET /rugby/match1.html 200,mikegarcia,Mike Garcia,Male,mike.garcia@gmail.com,12/02/2024 13:00,12/02/2024 18:00,Canada,North America,highlights,44,rugby,00/01/1900 05:00,5
GET /football/schedule.html 200,isabellamartinez,Isabella Martinez,Male,isabella.martinez@gmail.com,27/08/2023 06:00,27/08/2023 11:00,Brazil,South America,repeat,42,football,00/01/1900 05:00,5
GET /football/search.php 200,johnwilliams,John Williams,Male,john.williams@gmail.com,02/11/2023 01:00,02/11/2023 10:00,South Africa,Africa,repeat,52,football,00/01/1900 09:00,9
GET /rugby/search.php 200,janejohnson,Jane Johnson,Male,jane.johnson@gmail.com,01/03/2024 02:00,01/03/2024 09:00,Italy,Europe,live,48,rugby,00/01/1900 07:00,7
GET /rugby/search.php 200,jamesgarcia,James Garcia,Male,james.garcia@gmail.com,04/08/2020 07:00,04/08/2020 15:00,Zimbabwe,Africa,highlights,20,rugby,00/01/1900 08:00,8
GET /rugby/match1.html 200,johnjohnson,John Johnson,Male,john.johnson@gmail.com,15/12/2021 22:00,16/12/2021 04:00,China,Asia,live,20,rugby,00/01/1900 06:00,6
GET /football/match3.jpg 304,johnjohnson,John Johnson,Female,john.johnson@gmail.com,20/04/2020 00:00,20/04/2020 14:00,China,Asia,live,27,football,00/01/1900 14:00,14
GET /tennis/schedule.html 200,mikemiller,Mike Miller,Male,mike.miller@gmail.com,10/03/2020 22:00,11/03/2020 09:00,Botswana,Africa,live,19,tennis,00/01/1900 11:00,11
GET /tennis/match1.html 200,jamesanorld,James Anorld,Female,james.anorld@gmail.com,27/08/2022 04:00,27/08/2022 10:00,Botswana,Africa,repeat,41,tennis,00/01/1900 06:00,6
GET /tennis/match3.jpg 304,robertanorld,Robert Anorld,Female,robert.anorld@gmail.com,15/09/2020 21:00,16/09/2020 11:00,UK,Europe,repeat,36,tennis,00/01/1900 14:00,14
GET /pool/search.php 200,mildreddavis,Mildred Davis,Male,mildred.davis@gmail.com,22/11/2022 05:00,22/11/2022 17:00,Canada,North America,highlights,51,pool,00/01/1900 12:00,12
GET /pool/match1.html 200,isabellakeith,Isabella Keith,Female,isabella.keith@gmail.com,21/06/2021 00:00,21/06/2021 11:00,Botswana,Africa,repeat,63,pool,00/01/1900 11:00,11
GET /tennis/search.php 200,prettypalmer,Pretty Palmer,Female,pretty.palmer@gmail.com,06/02/2021 22:00,07/02/2021 11:00,Italy,Europe,live,40,tennis,00/01/1900 13:00,13
GET /football/match3.jpg 304,silverrodriguez,Silver Rodriguez,Female,silver.rodriguez@gmail.com,06/05/2022 03:00,06/05/2022 16:00,Mexico,North America,highlights,76,football,00/01/1900 13:00,13
GET /rugby/match2.html 200,mildredgarcia,Mildred Garcia,Female,mildred.garcia@gmail.com,29/11/2020 10:00,29/11/2020 15:00,South Africa,Africa,live,34,rugby,00/01/1900 05:00,5
GET /rugby/match1.html 200,williambrookes,William Brookes,Male,william.brookes@gmail.com,09/02/2021 10:00,10/02/2021 00:00,USA,North America,highlights,28,rugby,00/01/1900 14:00,14
GET /rugby/match2.html 200,jamesmiller,James Miller,Female,james.miller@gmail.com,27/01/2022 11:00,27/01/2022 22:00,Zimbabwe,Africa,highlights,65,rugby,00/01/1900 11:00,11
GET /tennis/search.php 200,prettypalmer,Pretty Palmer,Female,pretty.palmer@gmail.com,13/08/2023 22:00,14/08/2023 01:00,Botswana,Africa,highlights,42,tennis,00/01/1900 03:00,3
